City_ID,City,Country,Date,Lat,Lng,Max Temp,Humidity,Cloudiness,Wind Speed
0,Albany,US,2021-07-23 00:39:51,42.6001,-73.9662,71.64,64,100,5.01
1,Berlevag,NO,2021-07-23 00:47:09,70.8578,29.0864,43.47,81,99,25.72
2,Hilo,US,2021-07-23 00:40:05,19.7297,-155.09,80.33,83,90,19.57
3,Ushuaia,AR,2021-07-23 00:38:07,-54.8,-68.3,40.66,65,75,3.44
4,Bonavista,CA,2021-07-23 00:41:54,48.6499,-53.1147,52.12,94,94,11.14
5,Kaitangata,NZ,2021-07-23 00:41:31,-46.2817,169.8464,50.94,56,13,5.08
6,Rawson,AR,2021-07-23 00:47:10,-43.3002,-65.1023,54.34,42,100,10.4
7,Pevek,RU,2021-07-23 00:47:11,69.7008,170.3133,42.26,69,5,7.02
8,Chapais,CA,2021-07-23 00:47:11,49.7834,-74.8492,65.98,60,96,3.62
9,New Norfolk,AU,2021-07-23 00:47:11,-42.7826,147.0587,56.88,61,47,1.99
10,Deputatskiy,RU,2021-07-23 00:47:11,69.3,139.9,59.04,55,17,7.2
11,Rikitea,PF,2021-07-23 00:47:12,-23.1203,-134.9692,73.51,73,0,19.33
12,Kalmunai,LK,2021-07-23 00:47:12,7.4167,81.8167,79.48,69,70,8.52
13,Duku,NG,2021-07-23 00:47:13,11.2361,4.9073,72.82,94,100,6.08
14,East London,ZA,2021-07-23 00:36:46,-33.0153,27.9116,52.68,69,95,20.74
15,Mataura,NZ,2021-07-23 00:40:11,-46.1927,168.8643,49.48,75,18,3.06
16,Portland,US,2021-07-23 00:38:40,45.5234,-122.6762,83.7,37,20,3.0
17,Aksarka,RU,2021-07-23 00:42:54,66.5606,67.7975,52.29,55,100,5.28
18,Chumphon,TH,2021-07-23 00:41:15,10.3333,98.8333,81.37,86,100,8.23
19,San Quintin,MX,2021-07-23 00:44:43,30.4833,-115.95,73.24,74,1,9.71
20,Punta Arenas,CL,2021-07-23 00:43:16,-53.15,-70.9167,35.71,87,40,9.22
21,Bengkulu,ID,2021-07-23 00:40:37,-3.8004,102.2655,77.7,78,100,2.15
22,Hobart,AU,2021-07-23 00:35:14,-42.8794,147.3294,56.23,61,75,3.0
23,Parry Sound,CA,2021-07-23 00:45:00,45.3501,-80.033,70.92,60,44,5.28
24,Kainantu,PG,2021-07-23 00:40:41,-6.2887,145.8655,67.91,84,92,4.43
25,Vaini,TO,2021-07-23 00:39:52,-21.2,-175.2,80.76,83,20,5.75
26,Jamestown,US,2021-07-23 00:38:32,42.097,-79.2353,69.39,59,1,3.44
27,Kapaa,US,2021-07-23 00:39:53,22.0752,-159.319,87.78,79,75,5.99
28,Yellowknife,CA,2021-07-23 00:40:40,62.456,-114.3525,68.52,68,75,5.75
29,Port Alfred,ZA,2021-07-23 00:40:02,-33.5906,26.891,52.77,69,98,23.06
30,Qaanaaq,GL,2021-07-23 00:41:26,77.484,-69.3632,43.75,71,8,4.9
31,Manggar,ID,2021-07-23 00:42:01,-2.8833,108.2667,83.66,70,100,11.86
32,Hofn,IS,2021-07-23 00:41:12,64.2539,-15.2082,53.24,97,100,4.61
33,Port Elizabeth,ZA,2021-07-23 00:40:09,-33.918,25.5701,50.29,81,75,5.75
34,Butaritari,KI,2021-07-23 00:40:56,3.0707,172.7902,83.41,76,100,15.77
35,Fairbanks,US,2021-07-23 00:40:45,64.8378,-147.7164,80.6,40,1,6.91
36,Chuy,UY,2021-07-23 00:39:58,-33.6971,-53.4616,50.32,77,100,5.86
37,Alto Araguaia,BR,2021-07-23 00:47:16,-17.3147,-53.2153,67.33,42,0,5.68
38,Paidha,UG,2021-07-23 00:47:16,2.4167,30.9855,63.21,87,80,3.56
39,Soe,ID,2021-07-23 00:47:17,-9.8607,124.284,77.02,30,10,4.32
40,Paamiut,GL,2021-07-23 00:47:17,61.994,-49.6678,41.88,94,99,3.04
41,Torbay,CA,2021-07-23 00:35:33,47.6666,-52.7314,52.57,99,90,11.5
42,Georgiyevka,KZ,2021-07-23 00:47:18,43.0369,74.7114,64.44,72,0,4.47
43,Kaohsiung,TW,2021-07-23 00:47:18,22.6163,120.3133,86.09,87,75,8.99
44,Busselton,AU,2021-07-23 00:39:50,-33.65,115.3333,55.04,78,92,24.63
45,Bredasdorp,ZA,2021-07-23 00:39:51,-34.5322,20.0403,43.92,87,100,3.44
46,Bilibino,RU,2021-07-23 00:40:21,68.0546,166.4372,64.8,34,100,3.65
47,Thompson,CA,2021-07-23 00:39:57,55.7435,-97.8558,82.56,51,40,8.05
48,Cayenne,GF,2021-07-23 00:41:24,4.9333,-52.3333,80.1,85,0,0.0
49,Saint-Francois,FR,2021-07-23 00:43:31,46.4154,3.9054,60.24,90,0,2.3
50,Westport,US,2021-07-23 00:47:19,41.1415,-73.3579,77.99,77,93,1.99
51,Lompoc,US,2021-07-23 00:37:57,34.6391,-120.4579,80.02,73,75,13.8
52,Severo-Kurilsk,RU,2021-07-23 00:40:52,50.6789,156.125,56.17,85,62,5.48
53,Bakchar,RU,2021-07-23 00:47:20,57.0186,82.0711,67.6,69,0,2.93
54,Hithadhoo,MV,2021-07-23 00:41:20,-0.6,73.0833,80.82,76,100,10.85
55,Suba,PH,2021-07-23 00:47:20,10.8438,121.0102,83.41,79,100,21.88
56,Cape Town,ZA,2021-07-23 00:39:00,-33.9258,18.4232,48.11,80,0,1.99
57,Lewiston,US,2021-07-23 00:44:12,44.1003,-70.2148,68.34,83,1,4.61
58,Upernavik,GL,2021-07-23 00:40:00,72.7868,-56.1549,41.0,93,100,1.39
59,Kodiak,US,2021-07-23 00:39:34,57.79,-152.4072,52.32,98,100,16.11
60,Avarua,CK,2021-07-23 00:40:07,-21.2078,-159.775,78.85,78,75,11.5
61,Saint George,US,2021-07-23 00:39:00,37.1041,-113.5841,93.79,37,1,1.99
62,Lorengau,PG,2021-07-23 00:40:54,-2.0226,147.2712,84.16,74,40,6.82
63,Rundu,NA,2021-07-23 00:44:24,-17.9333,19.7667,43.9,20,32,7.0
64,Bonthe,SL,2021-07-23 00:47:22,7.5264,-12.505,75.96,89,91,6.58
65,Abancay,PE,2021-07-23 00:47:22,-13.6339,-72.8814,54.54,80,3,3.67
66,Tilichiki,RU,2021-07-23 00:36:00,60.4667,166.1,64.13,55,100,8.14
67,Manvi,IN,2021-07-23 00:47:22,15.9833,77.05,73.54,83,100,17.67
68,Geraldton,AU,2021-07-23 00:41:14,-28.7667,114.6,55.81,94,90,1.14
69,Cam Ranh,VN,2021-07-23 00:47:23,11.9214,109.1591,85.96,58,75,1.14
70,Lawrenceburg,US,2021-07-23 00:47:23,38.0373,-84.8966,75.85,85,13,4.45
71,Bilma,NE,2021-07-23 00:40:22,18.6853,12.9164,83.05,58,100,13.06
72,Khandyga,RU,2021-07-23 00:47:24,62.6667,135.6,74.97,56,99,0.27
73,Dingle,PH,2021-07-23 00:41:33,10.9995,122.6711,82.83,78,100,19.24
74,Hermanus,ZA,2021-07-23 00:40:13,-34.4187,19.2345,44.91,73,68,9.75
75,Boma,GH,2021-07-23 00:47:24,7.0805,-2.1697,69.24,98,64,3.62
76,Litovko,RU,2021-07-23 00:47:25,49.2361,135.1742,90.59,51,100,5.84
77,Bluff,NZ,2021-07-23 00:40:06,-46.6,168.3333,49.8,65,78,11.23
78,Arraial Do Cabo,BR,2021-07-23 00:40:06,-22.9661,-42.0278,57.16,100,20,0.0
79,Puerto Colombia,CO,2021-07-23 00:47:25,10.9878,-74.9547,80.69,86,56,28.12
80,Mar Del Plata,AR,2021-07-23 00:39:54,-38.0023,-57.5575,57.0,57,0,10.0
81,Port Augusta,AU,2021-07-23 00:40:26,-32.5,137.7667,51.94,85,100,6.87
82,Denpasar,ID,2021-07-23 00:41:05,-8.65,115.2167,80.26,83,20,11.5
83,Vardo,NO,2021-07-23 00:41:29,70.3705,31.1107,45.34,81,100,31.32
84,Yabelo,ET,2021-07-23 00:47:26,4.8833,38.0833,59.72,68,43,6.11
85,Buala,SB,2021-07-23 00:47:27,-8.145,159.5921,84.18,72,26,7.43
86,Barrow,US,2021-07-23 00:37:54,71.2906,-156.7887,39.22,81,90,13.8
87,Sakakah,SA,2021-07-23 00:41:08,29.9697,40.2064,87.37,24,0,10.22
88,Grand Gaube,MU,2021-07-23 00:40:01,-20.0064,57.6608,70.2,70,15,5.99
89,Illapel,CL,2021-07-23 00:47:27,-31.6308,-71.1653,58.44,61,100,1.92
90,Carnarvon,AU,2021-07-23 00:40:50,-24.8667,113.6333,59.07,75,99,5.75
91,Paramirim,BR,2021-07-23 00:47:28,-13.4425,-42.2389,66.63,71,0,7.67
92,Gimli,CA,2021-07-23 00:47:28,50.6336,-96.9907,85.42,83,1,4.61
93,Ayan,RU,2021-07-23 00:41:57,56.45,138.1667,69.82,63,10,7.02
94,Kavieng,PG,2021-07-23 00:41:01,-2.5744,150.7967,83.57,74,69,12.19
95,Lagoa,PT,2021-07-23 00:41:45,39.05,-27.9833,67.69,77,19,11.18
96,Hamilton,US,2021-07-23 00:42:12,39.1834,-84.5333,77.23,66,1,4.61
97,Okhotsk,RU,2021-07-23 00:42:00,59.3833,143.3,58.39,88,100,4.21
98,Okha,RU,2021-07-23 00:47:29,53.5739,142.9478,72.59,69,23,4.47
99,Lagos,NG,2021-07-23 00:46:32,6.5833,3.75,77.32,82,100,6.58
100,Farmington,US,2021-07-23 00:47:30,36.7281,-108.2187,92.08,22,1,5.75
101,Oktyabrskiy,RU,2021-07-23 00:42:10,54.4815,53.471,54.61,95,100,1.07
102,Fortuna,US,2021-07-23 00:40:46,40.5982,-124.1573,64.85,65,20,17.27
103,Maarianhamina,AX,2021-07-23 00:47:30,60.0973,19.9348,57.06,77,0,5.75
104,Egvekinot,RU,2021-07-23 00:43:44,66.3167,-179.1667,45.9,70,59,5.17
105,Nabire,ID,2021-07-23 00:47:31,-3.3667,135.4833,75.76,92,100,3.71
106,Mwinilunga,ZM,2021-07-23 00:47:31,-11.7358,24.4293,54.39,43,3,6.22
107,Balkanabat,TM,2021-07-23 00:47:31,39.5108,54.3671,90.19,16,18,7.87
108,Kruisfontein,ZA,2021-07-23 00:41:53,-34.0033,24.7314,43.88,78,100,5.86
109,Gretna,US,2021-07-23 00:45:12,29.9147,-90.054,89.65,72,40,1.01
110,Jinchang,CN,2021-07-23 00:47:32,38.4953,102.1739,80.35,44,17,4.41
111,Cabo San Lucas,MX,2021-07-23 00:40:57,22.8909,-109.9124,99.52,68,0,10.11
112,Clyde River,CA,2021-07-23 00:39:49,70.4692,-68.5914,37.63,100,90,8.05
113,Krasnoselkup,RU,2021-07-23 00:43:16,65.7,82.4667,63.27,72,93,3.13
114,Baykit,RU,2021-07-23 00:40:33,61.67,96.37,68.95,57,72,1.57
115,Zalesovo,RU,2021-07-23 00:47:33,53.9939,84.7431,66.0,72,100,4.43
116,Vestmanna,FO,2021-07-23 00:47:33,62.1564,-7.1664,47.32,100,20,1.14
117,Maceio,BR,2021-07-23 00:40:15,-9.6658,-35.7353,74.64,83,40,3.44
118,Huarmey,PE,2021-07-23 00:41:07,-10.0681,-78.1522,64.54,84,17,8.61
119,Guiren,CN,2021-07-23 00:47:34,33.6697,118.1889,80.98,82,100,13.09
120,Salamiyah,SY,2021-07-23 00:47:34,35.0113,37.0532,71.56,81,0,8.61
121,Monrovia,LR,2021-07-23 00:41:42,6.3005,-10.7969,76.95,81,100,11.1
122,Nikolskoye,RU,2021-07-23 00:40:36,59.7035,30.7861,60.8,80,100,5.37
123,Cahors,FR,2021-07-23 00:47:34,44.4167,1.3333,72.14,61,3,3.71
124,Turochak,RU,2021-07-23 00:47:35,52.2576,87.1224,64.76,98,100,1.19
125,Tiznit,MA,2021-07-23 00:44:40,29.5833,-9.5,87.06,22,0,2.77
126,Airai,TL,2021-07-23 00:39:56,-8.9266,125.4092,71.19,27,15,2.59
127,Kralendijk,BQ,2021-07-23 00:47:36,12.15,-68.2667,82.38,78,20,18.41
128,Inongo,CD,2021-07-23 00:42:17,-1.95,18.2667,70.84,47,90,4.36
129,Bose,IT,2021-07-23 00:47:36,45.4612,8.0137,74.79,89,25,5.39
130,Dubovskoye,RU,2021-07-23 00:47:36,47.4092,42.7575,66.67,89,88,9.24
131,Saint-Philippe,RE,2021-07-23 00:39:46,-21.3585,55.7679,65.79,77,45,13.22
132,Fatehgarh Churian,IN,2021-07-23 00:47:37,31.8621,74.9553,82.26,77,100,4.12
133,Kamenka,RU,2021-07-23 00:47:37,51.3223,42.7678,56.59,86,0,7.2
134,Dikson,RU,2021-07-23 00:39:35,73.5069,80.5464,38.5,96,99,15.99
135,Tandil,AR,2021-07-23 00:47:37,-37.3217,-59.1332,51.12,81,100,7.87
136,Roma,US,2021-07-23 00:45:23,43.2128,-75.4557,68.14,60,1,9.22
137,Saskylakh,RU,2021-07-23 00:40:17,71.9167,114.0833,66.29,67,53,9.1
138,Ritchie,ZA,2021-07-23 00:47:38,-29.038,24.6028,25.81,64,0,7.85
139,Almaznyy,RU,2021-07-23 00:47:38,48.0448,40.045,64.54,68,100,10.33
140,Chokurdakh,RU,2021-07-23 00:39:56,70.6333,147.9167,53.01,48,0,8.66
141,Ribeira Grande,PT,2021-07-23 00:39:59,38.5167,-28.7,68.67,76,5,7.34
142,Hanmer Springs,NZ,2021-07-23 00:47:39,-42.5167,172.8167,51.19,65,0,0.67
143,Castro,BR,2021-07-23 00:40:37,-24.7911,-50.0119,48.15,58,0,3.29
144,Trairi,BR,2021-07-23 00:38:21,-3.2778,-39.2689,79.09,80,3,13.98
145,Frankfort,ZA,2021-07-23 00:47:40,-27.2667,28.4833,26.33,54,0,3.58
146,Libourne,FR,2021-07-23 00:47:40,44.9167,-0.25,75.22,57,9,3.96
147,Norman Wells,CA,2021-07-23 00:40:13,65.282,-126.8329,78.84,44,75,18.41
148,Zdvinsk,RU,2021-07-23 00:42:10,54.7021,78.661,66.0,74,0,5.5
149,Tasiilaq,GL,2021-07-23 00:40:04,65.6145,-37.6368,46.56,97,100,2.66
150,Bawku,GH,2021-07-23 00:47:40,11.0616,-0.2417,78.48,66,100,8.03
151,Bambous Virieux,MU,2021-07-23 00:40:23,-20.3428,57.7575,70.05,73,40,17.27
152,Sosnovo-Ozerskoye,RU,2021-07-23 00:42:07,52.5249,111.5418,65.75,71,0,10.85
153,Pasighat,IN,2021-07-23 00:42:45,28.0667,95.3333,85.62,74,4,0.96
154,Atuona,PF,2021-07-23 00:41:06,-9.8,-139.0333,77.47,72,96,10.25
155,Provideniya,RU,2021-07-23 00:40:10,64.3833,-173.3,44.71,81,75,15.66
156,Longyearbyen,SJ,2021-07-23 00:41:11,78.2186,15.6401,44.44,81,75,18.41
157,Victoria,HK,2021-07-23 00:39:47,22.2855,114.1577,88.32,84,58,1.99
158,Meulaboh,ID,2021-07-23 00:47:42,4.1363,96.1285,78.26,83,57,2.39
159,Maragogi,BR,2021-07-23 00:41:19,-9.0122,-35.2225,73.53,83,13,11.12
160,Vostok,RU,2021-07-23 00:44:55,46.4856,135.8833,81.57,62,82,2.93
161,Hay River,CA,2021-07-23 00:43:08,60.8156,-115.7999,58.98,94,90,10.36
162,Tuktoyaktuk,CA,2021-07-23 00:39:46,69.4541,-133.0374,51.8,93,90,16.11
163,Beni,CD,2021-07-23 00:47:43,0.5,29.4667,61.66,94,42,1.77
164,Maningrida,AU,2021-07-23 00:47:43,-12.0667,134.2667,81.39,54,26,5.12
165,Ngawen,ID,2021-07-23 00:47:43,-7.0032,111.3129,79.65,73,12,5.75
166,Fatsa,TR,2021-07-23 00:47:44,41.0278,37.5014,75.0,86,34,6.82
167,Tucuman,AR,2021-07-23 00:38:50,-26.8241,-65.2226,59.0,63,0,4.61
168,Jutai,BR,2021-07-23 00:44:03,-5.1833,-68.9,75.76,66,34,1.57
169,Asosa,ET,2021-07-23 00:47:44,10.0667,34.5333,59.54,94,100,4.14
170,Mahebourg,MU,2021-07-23 00:40:27,-20.4081,57.7,70.09,73,40,17.27
171,Blythe,US,2021-07-23 00:47:45,33.6103,-114.5964,109.85,20,75,14.97
172,Sao Filipe,CV,2021-07-23 00:43:50,14.8961,-24.4956,74.26,87,14,7.11
173,Hualmay,PE,2021-07-23 00:44:53,-11.0964,-77.6139,64.08,83,11,9.69
174,Catia La Mar,VE,2021-07-23 00:47:45,10.6038,-67.0303,82.49,94,100,11.5
175,Dodola,ET,2021-07-23 00:47:46,6.9833,39.1833,53.91,88,94,2.51
176,Piombino,IT,2021-07-23 00:47:46,42.9348,10.5221,77.05,85,0,1.99
177,Port Hardy,CA,2021-07-23 00:40:47,50.6996,-127.4199,60.98,67,75,5.75
178,Olafsvik,IS,2021-07-23 00:42:18,64.8945,-23.7142,52.11,97,100,11.3
179,Port Blair,IN,2021-07-23 00:43:29,11.6667,92.75,82.38,85,86,21.18
180,Sarata,UA,2021-07-23 00:47:47,46.0197,29.6657,62.38,66,0,9.4
181,Ranong,TH,2021-07-23 00:47:47,9.9658,98.6348,84.13,84,100,13.47
182,Esperance,AU,2021-07-23 00:40:24,-33.8667,121.9,53.44,64,100,23.94
183,Rio Gallegos,AR,2021-07-23 00:40:51,-51.6226,-69.2181,39.25,60,0,13.8
184,Georgetown,MY,2021-07-23 00:40:11,5.4112,100.3354,83.89,81,20,1.99
185,Narsaq,GL,2021-07-23 00:40:55,60.9167,-46.05,48.42,95,100,6.55
186,Iguape,BR,2021-07-23 00:47:48,-24.7081,-47.5553,59.85,86,9,5.39
187,Luderitz,NA,2021-07-23 00:39:49,-26.6481,15.1594,55.35,35,18,7.31
188,Tiksi,RU,2021-07-23 00:39:41,71.6872,128.8694,45.46,77,100,8.41
189,Meiningen,DE,2021-07-23 00:47:48,50.5679,10.4152,61.32,72,0,2.24
190,Tuatapere,NZ,2021-07-23 00:40:31,-46.1333,167.6833,49.82,65,17,5.39
191,Arthur,US,2021-07-23 00:46:21,39.7148,-88.4723,82.58,84,0,3.85
192,Gasa,PS,2021-07-23 00:47:49,31.5,34.4667,76.98,75,71,8.1
193,Saint-Georges,GD,2021-07-23 00:45:15,12.0564,-61.7485,82.08,83,20,6.91
194,Te Anau,NZ,2021-07-23 00:41:09,-45.4167,167.7167,48.16,72,8,2.08
195,Perdoes,BR,2021-07-23 00:43:33,-21.0908,-45.0914,55.22,71,0,6.55
196,Nome,US,2021-07-23 00:41:27,64.5011,-165.4064,51.17,66,75,19.57
197,Sinnamary,GF,2021-07-23 00:40:55,5.3833,-52.95,78.55,87,67,9.17
198,Cedar City,US,2021-07-23 00:47:50,37.6775,-113.0619,67.17,77,90,0.0
199,Teahupoo,PF,2021-07-23 00:47:50,-17.8333,-149.2667,76.96,68,1,10.6
200,Tabas,IR,2021-07-23 00:47:51,33.5959,56.9244,87.87,14,1,4.05
201,Faanui,PF,2021-07-23 00:40:39,-16.4833,-151.75,78.01,69,10,14.54
202,Klaksvik,FO,2021-07-23 00:41:20,62.2266,-6.589,49.12,92,88,9.82
203,Bridlington,GB,2021-07-23 00:47:51,54.0831,-0.1919,62.29,90,8,1.14
204,Nanortalik,GL,2021-07-23 00:39:33,60.1432,-45.2371,44.31,92,100,7.2
205,Dunda,TZ,2021-07-23 00:47:52,-8.1167,34.25,58.46,88,0,3.38
206,Caravelas,BR,2021-07-23 00:40:22,-17.7125,-39.2481,70.59,64,79,7.96
207,College,US,2021-07-23 00:41:12,64.8569,-147.8028,80.58,41,75,8.05
208,Los Llanos De Aridane,ES,2021-07-23 00:40:44,28.6585,-17.9182,69.55,85,0,23.02
209,Talnakh,RU,2021-07-23 00:40:45,69.4865,88.3972,56.88,69,100,1.7
210,Lubango,AO,2021-07-23 00:47:52,-14.9172,13.4925,52.09,22,8,5.97
211,Marsh Harbour,BS,2021-07-23 00:41:05,26.5412,-77.0636,82.98,75,100,8.28
212,Cherskiy,RU,2021-07-23 00:40:07,68.75,161.3,61.95,68,100,0.98
213,Skwierzyna,PL,2021-07-23 00:47:53,52.5991,15.5065,59.68,78,100,1.34
214,Ulladulla,AU,2021-07-23 00:43:10,-35.35,150.4667,55.87,56,96,5.53
215,Zaigrayevo,RU,2021-07-23 00:47:53,51.8336,108.2703,69.06,57,0,5.44
216,Price,US,2021-07-23 00:46:12,39.5994,-110.8107,87.06,30,1,8.05
217,Biak,ID,2021-07-23 00:47:54,-0.9131,122.8766,76.89,84,89,5.68
218,Mungwi,ZM,2021-07-23 00:47:54,-10.1732,31.3694,53.4,83,6,3.53
219,Leh,IN,2021-07-23 00:47:54,34.1667,77.5833,58.39,56,28,3.89
220,Turayf,SA,2021-07-23 00:47:55,31.6725,38.6637,73.65,64,0,16.11
221,Ixtapa,MX,2021-07-23 00:41:18,20.7,-105.2,88.83,66,40,4.61
222,Kenora,CA,2021-07-23 00:47:55,49.8167,-94.4337,79.77,65,75,10.36
223,Bernalda,IT,2021-07-23 00:47:56,40.4128,16.692,75.76,54,0,6.62
224,Arinos,BR,2021-07-23 00:47:56,-15.9169,-46.1056,65.8,48,2,3.31
225,Chulakivka,UA,2021-07-23 00:47:56,46.3576,32.3514,62.35,62,0,14.16
226,Chitapur,IN,2021-07-23 00:47:57,17.1167,77.0833,71.96,92,100,6.91
227,Khatanga,RU,2021-07-23 00:41:20,71.9667,102.5,63.77,61,100,9.93
228,Chiplun,IN,2021-07-23 00:47:57,17.5333,73.5167,77.58,93,100,6.42
229,Guajara,BR,2021-07-23 00:47:58,-2.9667,-57.6667,78.91,76,70,2.15
230,Puerto Ayora,EC,2021-07-23 00:40:04,-0.7393,-90.3518,72.55,87,100,7.0
231,Husavik,IS,2021-07-23 00:40:42,66.0449,-17.3389,55.31,75,47,6.49
232,La Ronge,CA,2021-07-23 00:47:58,55.1001,-105.2842,77.22,57,40,2.3
233,Augusto Correa,BR,2021-07-23 00:44:27,-1.0217,-46.635,74.53,92,21,3.09
234,Timbiqui,CO,2021-07-23 00:47:59,2.7717,-77.6654,75.79,93,100,3.06
235,Rio Pardo De Minas,BR,2021-07-23 00:47:59,-15.6097,-42.5397,61.54,79,5,7.96
236,Araouane,ML,2021-07-23 00:47:59,18.9048,-3.5265,94.03,28,43,7.92
237,Moron,AR,2021-07-23 00:40:59,-34.6534,-58.6198,57.92,71,100,5.99
238,Ongandjera,NA,2021-07-23 00:48:00,-17.8833,15.0667,55.0,27,0,11.01
239,Funadhoo,MV,2021-07-23 00:48:00,6.15,73.2667,82.63,76,100,18.63
240,Vila,PT,2021-07-23 00:48:00,42.0304,-8.1588,58.75,92,100,3.33
241,Aksay,RU,2021-07-23 00:44:28,47.26,39.87,66.97,85,100,8.99
242,Ponta Delgada,PT,2021-07-23 00:41:06,37.7333,-25.6667,65.12,77,20,5.75
243,Bogorodskoye,RU,2021-07-23 00:48:01,56.55,37.8833,57.78,76,82,5.99
244,Marovoay,MG,2021-07-23 00:48:01,-16.1,46.6333,68.14,75,6,3.65
245,Hede,CN,2021-07-23 00:48:02,33.7681,120.2517,83.82,71,100,10.11
246,Pisco,PE,2021-07-23 00:41:13,-13.7,-76.2167,62.65,77,90,14.97
247,Sibolga,ID,2021-07-23 00:48:02,1.7427,98.7792,79.34,78,100,1.79
248,Havoysund,NO,2021-07-23 00:41:19,70.9963,24.6622,41.88,79,100,19.91
249,Nelson Bay,AU,2021-07-23 00:44:23,-32.7167,152.15,63.1,62,67,1.99
250,San Cristobal,VE,2021-07-23 00:35:48,7.7669,-72.225,73.58,97,100,3.76
251,Usvyaty,RU,2021-07-23 00:48:03,55.7456,30.7533,53.56,80,6,5.73
252,Tura,IN,2021-07-23 00:40:09,25.5198,90.2201,77.74,92,38,5.01
253,Sokoto,NG,2021-07-23 00:48:03,13.0609,5.239,81.95,63,15,11.52
254,Cidreira,BR,2021-07-23 00:41:21,-30.1811,-50.2056,58.59,86,83,14.65
255,Meadow Lake,US,2021-07-23 00:48:04,34.8014,-106.5436,87.28,42,100,7.2
256,Bosaso,SO,2021-07-23 00:48:04,11.2842,49.1816,91.74,39,5,21.18
257,Codrington,AU,2021-07-23 00:44:10,-38.2667,141.9667,44.89,90,100,10.25
258,Parfenyevo,RU,2021-07-23 00:48:04,58.484,43.4088,54.91,64,100,5.59
259,Fort Nelson,CA,2021-07-23 00:44:15,58.8053,-122.7002,58.59,94,90,4.61
260,Bagdarin,RU,2021-07-23 00:48:05,54.4333,113.6,68.81,71,0,2.44
261,Shingu,JP,2021-07-23 00:48:05,33.7333,135.9833,85.19,76,100,7.81
262,Liancheng,CN,2021-07-23 00:48:05,24.0519,105.075,71.73,89,57,2.71
263,Kununurra,AU,2021-07-23 00:42:26,-15.7667,128.7333,71.58,53,100,2.3
264,Bethel,US,2021-07-23 00:39:36,41.3712,-73.414,75.29,76,40,0.0
265,Camacha,PT,2021-07-23 00:41:01,33.0833,-16.3333,69.53,88,20,13.8
266,Lisakovsk,KZ,2021-07-23 00:42:43,52.5369,62.4936,73.45,54,25,8.77
267,Zeya,RU,2021-07-23 00:42:09,53.75,127.2667,77.95,90,49,8.05
268,Mao,ES,2021-07-23 00:48:07,39.8885,4.2658,75.76,83,0,5.75
269,Soyo,AO,2021-07-23 00:41:16,-6.1349,12.3689,70.36,85,30,4.52
270,Kargasok,RU,2021-07-23 00:40:23,59.0556,80.8572,69.57,68,100,4.7
271,Naze,JP,2021-07-23 00:48:07,28.3667,129.4833,77.92,90,100,26.26
272,Salinas,US,2021-07-23 00:48:07,36.6777,-121.6555,83.23,71,1,17.27
273,Hasaki,JP,2021-07-23 00:35:41,35.7333,140.8333,81.3,69,91,5.99
274,Usogorsk,RU,2021-07-23 00:48:08,63.4106,48.6872,51.22,81,99,3.65
275,Plettenberg Bay,ZA,2021-07-23 00:48:08,-34.0527,23.3716,48.63,83,100,3.98
276,Kieta,PG,2021-07-23 00:42:42,-6.2167,155.6333,83.53,76,47,6.62
277,Bodden Town,KY,2021-07-23 00:48:09,19.2833,-81.25,86.0,79,20,1.99
278,Areosa,PT,2021-07-23 00:48:09,41.7178,-8.8571,66.9,93,100,3.96
279,La Asuncion,VE,2021-07-23 00:45:09,11.0333,-63.8628,80.33,89,100,13.8
280,Havre,FR,2021-07-23 00:48:10,49.5833,0.3333,64.17,82,0,9.22
281,Amahai,ID,2021-07-23 00:48:10,-3.3333,128.9167,79.66,81,55,3.06
282,Makungu,TZ,2021-07-23 00:48:10,-8.7333,35.2833,55.98,93,95,3.0
283,Baherden,TM,2021-07-23 00:48:11,38.4362,57.4316,82.4,19,64,1.21
284,Conceicao Do Araguaia,BR,2021-07-23 00:48:11,-8.2578,-49.2647,80.73,54,0,3.44
285,Dunedin,NZ,2021-07-23 00:42:32,-45.8742,170.5036,53.8,58,7,7.0
286,Tres Arroyos,AR,2021-07-23 00:48:11,-38.3739,-60.2798,51.31,69,95,10.98
287,Xining,CN,2021-07-23 00:47:05,36.6167,101.7667,70.54,60,86,0.34
288,Sur,OM,2021-07-23 00:41:59,22.5667,59.5289,91.31,55,0,9.13
289,Russell,US,2021-07-23 00:48:12,32.3502,-85.1999,85.6,88,90,5.75
290,Hami,CN,2021-07-23 00:44:59,42.8,93.45,93.07,26,100,10.25
291,Shache,CN,2021-07-23 00:48:12,38.4167,77.2406,71.89,54,2,4.12
292,Lebu,CL,2021-07-23 00:43:14,-37.6167,-73.65,50.0,86,100,6.93
293,Putina,PE,2021-07-23 00:48:13,-15.4667,-69.4333,42.48,75,2,11.16
294,Galle,LK,2021-07-23 00:48:13,6.0367,80.217,80.01,86,100,17.9
295,Madang,PG,2021-07-23 00:48:14,-5.2246,145.7966,82.11,79,100,4.79
296,Henties Bay,NA,2021-07-23 00:40:53,-22.116,14.2845,54.86,77,0,2.66
297,Pangnirtung,CA,2021-07-23 00:43:40,66.1451,-65.7125,44.74,78,99,4.72
298,Qaqortoq,GL,2021-07-23 00:41:28,60.7167,-46.0333,48.7,95,100,4.52
299,Nouadhibou,MR,2021-07-23 00:48:14,20.931,-17.0347,67.98,88,0,11.5
300,Kilimatinde,TZ,2021-07-23 00:48:15,-5.85,34.95,65.71,65,65,5.28
301,Nangomba,TZ,2021-07-23 00:48:15,-10.9,38.5,64.26,83,13,1.43
302,Iqaluit,CA,2021-07-23 00:40:28,63.7506,-68.5145,49.73,93,90,10.36
303,Emerald,AU,2021-07-23 00:41:48,-23.5333,148.1667,64.54,59,0,11.5
304,Tessalit,ML,2021-07-23 00:42:05,20.1986,1.0114,84.16,49,98,14.61
305,Isangel,VU,2021-07-23 00:41:17,-19.55,169.2667,80.71,78,75,3.44
306,Vila Franca Do Campo,PT,2021-07-23 00:40:33,37.7167,-25.4333,64.81,82,18,4.25
307,Bud,US,2021-07-23 00:42:08,39.447,-86.1758,80.69,80,53,5.21
308,Ilulissat,GL,2021-07-23 00:40:22,69.2167,-51.1,44.62,81,100,3.44
309,Ponta Do Sol,PT,2021-07-23 00:39:53,32.6667,-17.1,73.0,80,11,7.47
310,Veraval,IN,2021-07-23 00:48:16,20.9,70.3667,82.53,86,100,18.72
311,Beckley,US,2021-07-23 00:44:13,37.7782,-81.1882,73.08,69,1,5.75
312,Filadelfia,US,2021-07-23 00:48:17,39.9523,-75.1638,77.25,59,1,8.05
313,Douala,CM,2021-07-23 00:48:17,4.0483,9.7043,75.11,100,40,2.3
314,Gazojak,TM,2021-07-23 00:45:20,41.1875,61.4036,80.1,19,0,10.71
315,Liverpool,GB,2021-07-23 00:48:17,53.4106,-2.9779,70.63,76,87,1.99
316,Lebyazhye,RU,2021-07-23 00:48:18,55.2689,66.4947,71.47,58,3,14.63
317,Zharkent,KZ,2021-07-23 00:48:18,44.1628,80.0,74.64,49,4,1.21
318,Shitanjing,CN,2021-07-23 00:44:39,39.2342,106.3439,77.31,59,10,12.26
319,Leningradskiy,RU,2021-07-23 00:39:21,69.3833,178.4167,39.94,83,100,11.52
320,Avera,US,2021-07-23 00:40:58,33.194,-82.5271,84.7,72,96,4.85
321,Bombay,IN,2021-07-23 00:47:02,19.0144,72.8479,82.38,94,75,13.8
322,Kulhudhuffushi,MV,2021-07-23 00:48:19,6.6221,73.07,82.94,76,100,18.54
323,Trani,IT,2021-07-23 00:48:19,41.2727,16.4154,75.85,39,0,5.84
324,Lazo,RU,2021-07-23 00:48:20,43.3817,133.9014,92.1,48,4,1.39
325,Zabol,AF,2021-07-23 00:48:20,32.25,67.25,71.26,40,6,8.9
326,Sao Joao Da Barra,BR,2021-07-23 00:40:28,-21.6403,-41.0511,67.03,75,0,5.3
327,Ajaccio,FR,2021-07-23 00:46:25,42.0,8.9167,68.05,88,0,3.44
328,Cattolica,IT,2021-07-23 00:48:20,43.9575,12.7376,74.14,65,0,3.0
329,Moussoro,TD,2021-07-23 00:48:21,13.6408,16.4901,79.21,69,100,10.11
330,Kayerkan,RU,2021-07-23 00:48:21,69.3497,87.7602,54.16,71,98,6.87
331,Sibut,CF,2021-07-23 00:48:21,5.718,19.0739,69.93,94,100,2.17
332,Anadyr,RU,2021-07-23 00:48:22,64.75,177.4833,57.7,62,0,8.95
333,Miracema,BR,2021-07-23 00:48:22,-21.4122,-42.1967,59.92,91,0,2.82
334,Alta Floresta,BR,2021-07-23 00:48:22,-9.8756,-56.0861,73.81,36,0,3.91
335,Alofi,NU,2021-07-23 00:44:25,-19.0595,-169.9187,80.49,83,75,9.22
336,Mabaruma,GY,2021-07-23 00:48:23,8.2,-59.7833,74.39,98,32,2.53
337,Beringovskiy,RU,2021-07-23 00:42:12,63.05,179.3167,47.52,91,100,8.7
338,Lasa,IT,2021-07-23 00:40:57,46.6166,10.7002,65.28,84,0,3.31
339,Malinovoye Ozero,RU,2021-07-23 00:48:24,51.6753,79.7825,70.23,61,94,6.93
340,Teguise,ES,2021-07-23 00:48:24,29.0605,-13.564,68.22,78,0,23.02
341,Saldanha,ZA,2021-07-23 00:43:29,-33.0117,17.9442,37.45,72,0,9.69
342,Poronaysk,RU,2021-07-23 00:48:24,49.2167,143.1167,73.8,83,44,5.32
343,Kenai,US,2021-07-23 00:48:25,60.5544,-151.2583,68.02,71,90,12.66
344,Kamaishi,JP,2021-07-23 00:41:10,39.2667,141.8833,76.15,85,88,6.04
345,Port Hedland,AU,2021-07-23 00:44:05,-20.3167,118.5667,66.25,77,10,4.61
346,Hovd,MN,2021-07-23 00:48:25,48.0056,91.6419,77.13,25,100,3.67
347,Abbeville,FR,2021-07-23 00:48:26,50.1,1.8333,59.27,79,32,4.7
348,Kusa,RU,2021-07-23 00:48:26,55.3383,59.4406,59.43,97,100,10.36
349,Harper,LR,2021-07-23 00:41:49,4.375,-7.7169,75.81,84,100,11.81
350,Mazabuka,ZM,2021-07-23 00:48:26,-15.856,27.748,57.11,27,19,7.85
351,Waipawa,NZ,2021-07-23 00:48:27,-41.4122,175.5153,52.45,64,23,4.88
352,Douglas,US,2021-07-23 00:48:27,41.3,-96.167,85.75,60,1,5.01
353,Aromashevo,RU,2021-07-23 00:41:30,56.8602,68.6375,69.69,67,0,12.28
354,Shiraz,IR,2021-07-23 00:48:27,29.6036,52.5388,76.44,53,20,0.0
355,Chara,RU,2021-07-23 00:42:49,56.9064,118.2631,61.95,97,100,3.33
356,San Patricio,US,2021-07-23 00:41:40,28.017,-97.5169,87.66,69,87,12.73
357,Surt,LY,2021-07-23 00:48:28,31.2089,16.5887,79.09,64,0,8.79
358,Chenzhou,CN,2021-07-23 00:48:28,25.8,113.0333,83.89,67,14,3.8
359,Berdigestyakh,RU,2021-07-23 00:41:44,62.0989,126.6992,74.52,46,100,4.38
360,Pemangkat,ID,2021-07-23 00:48:29,1.1667,108.9667,82.09,78,62,5.91
361,Talaya,RU,2021-07-23 00:48:29,61.3833,152.75,54.1,88,100,3.53
362,Lashio,MM,2021-07-23 00:48:30,22.9333,97.75,69.03,99,100,1.34
363,Kushiro,JP,2021-07-23 00:44:38,42.975,144.3747,70.75,88,75,3.44
364,Bam,IR,2021-07-23 00:48:30,29.106,58.357,86.36,13,0,4.97
365,Pacific Grove,US,2021-07-23 00:39:22,36.6177,-121.9166,83.8,83,75,1.99
366,Lavumisa,SZ,2021-07-23 00:44:02,-27.31,31.892,46.83,63,0,3.13
367,Puerto Madryn,AR,2021-07-23 00:48:31,-42.7692,-65.0385,57.34,42,100,10.04
368,Souillac,MU,2021-07-23 00:40:32,-20.5167,57.5167,70.18,73,40,17.27
369,San Andres,CO,2021-07-23 00:40:30,12.5847,-81.7006,84.22,74,90,19.57
370,Trofors,NO,2021-07-23 00:48:31,65.5333,13.4063,49.35,93,100,3.96
371,Zwedru,LR,2021-07-23 00:44:35,6.0667,-8.1281,70.95,98,99,3.0
372,Groa,NO,2021-07-23 00:48:32,62.65,8.7167,51.89,95,85,3.09
373,Kissidougou,GN,2021-07-23 00:48:32,9.1848,-10.0999,69.53,99,100,4.94
374,Diamantino,BR,2021-07-23 00:44:51,-14.4086,-56.4461,72.48,36,0,3.09
375,Muzhi,RU,2021-07-23 00:48:33,65.3667,64.6667,51.08,57,100,6.76
376,Buenos Aires,AR,2021-07-23 00:45:56,-34.6132,-58.3772,60.94,71,0,1.14
377,Salalah,OM,2021-07-23 00:41:36,17.0151,54.0924,78.89,94,75,10.36
378,Monmouth,US,2021-07-23 00:48:33,40.3001,-74.1663,79.21,62,1,4.61
379,Hanover,DE,2021-07-23 00:48:33,52.3705,9.7332,59.99,85,0,2.3
380,Kifri,IQ,2021-07-23 00:48:34,34.6959,44.9661,91.83,28,0,8.01
381,Haikou,CN,2021-07-23 00:48:34,20.0458,110.3417,84.33,84,0,2.24
382,Merritt Island,US,2021-07-23 00:47:39,28.5392,-80.672,80.98,88,75,5.75
383,Wajima,JP,2021-07-23 00:44:04,37.4,136.9,83.08,78,40,3.44
384,Praia Da Vitoria,PT,2021-07-23 00:48:35,38.7333,-27.0667,68.25,77,20,9.75
385,Riohacha,CO,2021-07-23 00:48:35,11.5444,-72.9072,82.24,71,67,18.63
386,Umm Lajj,SA,2021-07-23 00:40:48,25.0213,37.2685,83.88,66,13,6.13
387,Shizunai,JP,2021-07-23 00:48:36,42.3339,142.3669,72.75,79,97,5.5
388,Northam,GB,2021-07-23 00:48:36,51.0333,-4.2167,69.1,75,100,7.76
389,Veinticinco De Mayo,AR,2021-07-23 00:48:36,-35.4323,-60.1727,55.98,68,97,1.99
390,Mount Pleasant,US,2021-07-23 00:48:37,32.7941,-79.8626,80.74,96,1,1.01
391,Belmonte,BR,2021-07-23 00:48:37,-15.8631,-38.8828,73.9,75,15,10.74
392,Bathsheba,BB,2021-07-23 00:40:29,13.2167,-59.5167,81.21,83,40,17.27
393,Dayong,CN,2021-07-23 00:48:37,25.0209,118.2898,85.68,63,78,4.99
394,Bambanglipuro,ID,2021-07-23 00:41:41,-7.95,110.2833,79.41,77,6,3.85
395,Bintulu,MY,2021-07-23 00:48:38,3.1667,113.0333,79.21,94,20,2.3
396,Pescara,IT,2021-07-23 00:48:38,42.3333,13.95,70.14,60,24,3.02
397,Terra Santa,BR,2021-07-23 00:48:39,-2.1042,-56.4869,78.17,73,22,2.48
398,Arkadelphia,US,2021-07-23 00:48:39,34.1209,-93.0538,89.37,66,20,3.44
399,Barra Dos Coqueiros,BR,2021-07-23 00:48:39,-10.9089,-37.0386,77.02,69,40,11.5
400,Dryden,CA,2021-07-23 00:46:56,49.7833,-92.7503,75.49,69,20,10.36
401,Fort Morgan,US,2021-07-23 00:48:40,40.2503,-103.8,94.42,22,1,10.36
402,Mayo,US,2021-07-23 00:48:40,38.8876,-76.5119,78.4,69,0,4.29
403,Roald,NO,2021-07-23 00:48:41,62.5833,6.1333,57.16,87,90,6.91
404,Businga,CD,2021-07-23 00:48:41,3.3333,20.8833,69.89,99,97,2.71
405,Watertown,US,2021-07-23 00:47:36,42.3709,-71.1828,73.42,79,40,1.01
406,Manadhoo,MV,2021-07-23 00:45:07,5.7667,73.3833,82.2,77,100,18.52
407,Prado,BR,2021-07-23 00:48:42,-17.3411,-39.2208,68.65,70,17,8.05
408,Sarangani,PH,2021-07-23 00:43:38,5.4033,125.4636,84.56,75,17,17.02
409,Zheleznodorozhnyy,RU,2021-07-23 00:48:42,55.7503,38.0042,58.35,65,19,5.86
410,The Valley,AI,2021-07-23 00:48:42,18.217,-63.0578,82.26,82,0,20.04
411,Mezen,RU,2021-07-23 00:48:43,65.8522,44.24,45.64,95,100,3.78
412,Torres,BR,2021-07-23 00:48:43,-29.3353,-49.7269,58.82,91,87,6.6
413,Quelimane,MZ,2021-07-23 00:48:43,-17.8786,36.8883,71.55,94,40,3.0
414,Santiago Del Estero,AR,2021-07-23 00:44:41,-27.7951,-64.2615,65.17,33,0,7.43
415,Mana,GF,2021-07-23 00:48:44,5.6592,-53.7767,78.96,87,51,9.53
416,Dudinka,RU,2021-07-23 00:48:44,69.4058,86.1778,54.21,72,63,7.47
417,Tunceli,TR,2021-07-23 00:48:45,39.1083,39.5471,76.06,68,0,7.16
418,Kampot,KH,2021-07-23 00:48:45,10.6167,104.1833,78.85,76,95,10.63
419,Praya,CV,2021-07-23 00:48:45,14.9215,-23.5087,77.54,78,75,11.5
420,Kimbe,PG,2021-07-23 00:48:46,-5.5502,150.1429,83.3,77,100,3.49
421,Bonfim,BR,2021-07-23 00:44:35,3.0833,-59.95,77.07,86,100,4.92
422,Luau,AO,2021-07-23 00:48:46,-10.7073,22.2247,60.85,35,4,7.67
423,Saint-Joseph,RE,2021-07-23 00:42:33,-21.3667,55.6167,64.78,74,24,12.24
424,Skibbereen,IE,2021-07-23 00:48:46,51.55,-9.2667,66.0,89,100,12.08
425,Gueret,FR,2021-07-23 00:48:47,46.1667,1.8667,70.43,87,9,4.09
426,Balabac,PH,2021-07-23 00:43:13,7.9868,117.0645,84.81,78,100,16.44
427,Porto Novo,BJ,2021-07-23 00:41:39,6.4965,2.6036,78.62,79,59,8.68
428,Shimoda,JP,2021-07-23 00:42:23,34.6667,138.95,86.11,72,31,5.93
429,Port-Cartier,CA,2021-07-23 00:42:34,50.0334,-66.8654,64.74,74,100,4.0
430,Ancud,CL,2021-07-23 00:42:09,-41.8697,-73.8203,47.73,86,100,6.91
431,El Tarra,CO,2021-07-23 00:48:48,8.5756,-73.0949,77.9,80,53,1.83
432,Xiamen,CN,2021-07-23 00:48:48,24.4798,118.0819,86.05,70,75,2.24
433,Bafra,TR,2021-07-23 00:41:29,41.5678,35.9069,69.58,73,59,11.68
434,Half Moon Bay,US,2021-07-23 00:41:53,37.4636,-122.4286,85.75,73,1,13.8
435,Acajutla,SV,2021-07-23 00:48:49,13.5928,-89.8275,93.54,74,100,5.68
436,Obsharovka,RU,2021-07-23 00:48:49,53.125,48.8531,57.67,91,100,4.27
437,Moyale,KE,2021-07-23 00:48:50,3.5167,39.0584,63.59,72,0,11.07
438,Catamarca,AR,2021-07-23 00:39:10,-28.4696,-65.7852,61.77,52,0,7.36
439,Broome,US,2021-07-23 00:42:29,42.2506,-75.833,66.58,70,1,1.01
440,Sitka,US,2021-07-23 00:40:26,57.0531,-135.33,60.69,72,90,8.05
441,Mangai,CD,2021-07-23 00:48:51,-4.05,19.5333,71.85,33,93,2.37
442,Barra,BR,2021-07-23 00:48:51,-11.0894,-43.1417,74.79,62,0,16.49
443,Kushmurun,KZ,2021-07-23 00:48:52,52.4503,64.6311,74.84,38,8,15.1
444,Quatre Cocos,MU,2021-07-23 00:38:26,-20.2078,57.7625,69.91,70,27,15.77
445,Chernyshevskiy,RU,2021-07-23 00:48:52,63.0128,112.4714,66.52,62,100,4.52
446,Tadine,NC,2021-07-23 00:48:52,-21.55,167.8833,75.09,66,48,7.29
447,Epe,NG,2021-07-23 00:48:53,6.5841,3.9834,75.11,85,100,5.1
448,Kingsville,US,2021-07-23 00:48:53,27.5159,-97.8561,85.82,83,75,1.99
449,Upington,ZA,2021-07-23 00:48:53,-28.4478,21.2561,34.18,55,0,2.3
450,Guerrero Negro,MX,2021-07-23 00:44:45,27.9769,-114.0611,75.33,68,100,13.85
451,Dunmore East,IE,2021-07-23 00:48:54,52.1514,-6.9861,68.68,83,100,8.16
452,Rocha,UY,2021-07-23 00:43:27,-34.4833,-54.3333,49.82,75,100,7.18
453,Damaturu,NG,2021-07-23 00:48:54,11.747,11.9608,76.48,80,100,12.44
454,Macusani,PE,2021-07-23 00:44:13,-14.0833,-70.4333,31.93,83,6,2.98
455,Kaeo,NZ,2021-07-23 00:48:55,-35.1,173.7833,57.11,81,20,4.63
456,Jati,PK,2021-07-23 00:48:55,24.3539,68.2671,85.01,71,96,13.65
457,Ostrovnoy,RU,2021-07-23 00:41:09,68.0531,39.5131,40.71,89,100,19.98
458,Nanakuli,US,2021-07-23 00:48:56,21.3906,-158.1547,87.75,56,75,13.8
459,Inhambane,MZ,2021-07-23 00:41:57,-23.865,35.3833,66.09,66,0,15.28
460,Margate,GB,2021-07-23 00:41:11,51.3813,1.3862,62.04,86,0,3.0
461,Ambon,ID,2021-07-23 00:40:35,-3.6954,128.1814,77.14,94,40,3.44
462,Backo Petrovo Selo,RS,2021-07-23 00:48:57,45.7081,20.0753,70.7,51,100,4.43
463,Lima,PE,2021-07-23 00:46:04,-12.0432,-77.0282,61.9,84,90,10.36
464,Erenhot,CN,2021-07-23 00:48:57,43.6475,111.9767,83.41,30,9,9.6
465,Newport,GB,2021-07-23 00:41:55,51.5877,-2.9984,70.34,83,100,3.31
466,Podgornoye,RU,2021-07-23 00:48:57,51.735,39.1496,55.62,71,0,6.71
467,Ratnagiri,IN,2021-07-23 00:48:58,16.9833,73.3,80.74,87,100,18.03
468,Mandalgovi,MN,2021-07-23 00:48:58,45.7625,106.2708,67.06,43,87,9.31
469,Huaihua,CN,2021-07-23 00:48:58,27.5494,109.9592,81.16,86,46,4.85
470,Kushtagi,IN,2021-07-23 00:48:59,15.7667,76.2,69.91,91,100,24.25
471,Cascais,PT,2021-07-23 00:46:10,38.6979,-9.4215,68.47,74,52,1.99
472,Arroio Grande,BR,2021-07-23 00:48:59,-32.2375,-53.0869,51.08,76,100,5.77
473,Komsomolskiy,UZ,2021-07-23 00:40:34,40.4272,71.7189,74.62,38,0,6.91
474,Villarrubia De Los Ojos,ES,2021-07-23 00:49:00,39.2209,-3.608,80.8,17,0,6.98
475,Cheyenne,US,2021-07-23 00:44:36,41.14,-104.8203,81.79,37,75,14.97
476,Tokur,RU,2021-07-23 00:49:00,53.1333,132.9,78.39,66,100,3.91
477,Mahajanga,MG,2021-07-23 00:49:00,-15.7167,46.3167,68.02,64,20,5.75
478,Blagoyevo,RU,2021-07-23 00:49:01,63.3667,47.9167,51.26,85,95,3.27
479,Khilok,RU,2021-07-23 00:49:01,51.3674,110.4676,71.37,60,3,9.24
480,Urdoma,RU,2021-07-23 00:49:01,61.7533,48.5442,50.74,66,99,3.11
481,Lulea,SE,2021-07-23 00:49:02,65.5842,22.1547,53.67,62,20,10.36
482,San Juan,AR,2021-07-23 00:48:42,-31.5375,-68.5364,58.71,23,99,2.64
483,Boende,CD,2021-07-23 00:49:02,-0.2167,20.8667,80.89,45,100,4.85
484,Taltal,CL,2021-07-23 00:41:58,-25.4,-70.4833,56.62,78,11,5.19
485,Makakilo City,US,2021-07-23 00:49:03,21.3469,-158.0858,86.32,56,75,13.8
486,Filingue,NE,2021-07-23 00:49:03,14.3521,3.3168,87.39,49,84,13.6
487,Otjimbingwe,NA,2021-07-23 00:49:03,-22.35,16.1333,52.75,12,0,8.61
488,Mae Sai,TH,2021-07-23 00:49:04,20.4335,99.8762,77.45,95,98,1.5
489,Beyneu,KZ,2021-07-23 00:49:04,45.3167,55.2,85.51,21,6,13.44
490,Rumonge,BI,2021-07-23 00:49:04,-3.9736,29.4386,72.39,47,28,4.21
491,Nemuro,JP,2021-07-23 00:49:05,43.3236,145.575,75.63,89,71,11.88
492,Katangli,RU,2021-07-23 00:49:05,51.7102,143.2326,73.0,82,100,6.2
493,Safaga,EG,2021-07-23 00:42:40,26.7292,33.9365,89.55,40,0,9.46
494,Lae,PG,2021-07-23 00:49:05,-6.7221,146.9847,74.07,92,100,0.34
495,Lokosovo,RU,2021-07-23 00:49:06,61.1333,74.8167,67.14,81,49,10.31
496,Muros,ES,2021-07-23 00:49:06,42.7762,-9.0603,66.83,90,99,5.01
497,Puerto Escondido,MX,2021-07-23 00:40:48,15.85,-97.0667,85.03,65,75,6.91
498,Sistranda,NO,2021-07-23 00:49:07,63.7256,8.834,53.91,86,100,14.36
499,Chegdomyn,RU,2021-07-23 00:49:07,51.1167,133.0167,85.84,59,98,2.24
500,Gamba,GA,2021-07-23 00:49:07,-2.65,10.0,71.64,79,100,5.08
501,Kyotera,UG,2021-07-23 00:49:07,-0.6156,31.5175,61.59,70,5,3.44
502,Reconquista,AR,2021-07-23 00:49:08,-29.15,-59.65,60.22,55,0,7.47
503,Gerash,IR,2021-07-23 00:49:08,27.6652,54.1371,82.54,47,5,0.47
504,Igarka,RU,2021-07-23 00:46:52,67.4667,86.5833,59.29,80,100,8.68
505,Dudhani,IN,2021-07-23 00:49:09,17.3667,76.3667,73.15,90,100,5.26
506,Alibag,IN,2021-07-23 00:49:09,18.6411,72.8792,82.47,86,100,17.4
507,Monte Alegre,BR,2021-07-23 00:49:09,-2.0078,-54.0692,78.62,75,58,2.82
508,Abdulino,RU,2021-07-23 00:49:10,53.7,53.6667,56.16,91,100,5.93
509,Grindavik,IS,2021-07-23 00:40:49,63.8424,-22.4338,55.56,100,90,19.57
510,Ciudad Bolivar,VE,2021-07-23 00:48:27,8.1222,-63.5497,78.8,85,100,6.96
511,Hope,US,2021-07-23 00:45:11,33.6671,-93.5916,89.65,73,6,2.13
512,Beisfjord,NO,2021-07-23 00:49:11,68.3751,17.5988,48.25,96,100,6.55
513,Kahului,US,2021-07-23 00:39:08,20.8947,-156.47,86.02,64,40,25.32
514,Arroyo,ES,2021-07-23 00:49:11,41.6096,-4.7969,77.59,28,100,6.2
515,Samarai,PG,2021-07-23 00:43:22,-10.6167,150.6667,79.29,81,88,13.24
516,Hambantota,LK,2021-07-23 00:41:05,6.1241,81.1185,80.94,94,75,8.05
517,Laguna,US,2021-07-23 00:39:33,38.421,-121.4238,102.43,23,1,5.01
518,Chicama,PE,2021-07-23 00:45:08,-7.8447,-79.1469,64.94,79,20,4.85
519,Mnogovershinnyy,RU,2021-07-23 00:44:32,53.9353,139.9242,80.13,48,33,1.86
520,Khorramabad,IR,2021-07-23 00:49:12,33.4878,48.3558,78.15,29,0,1.21
521,Beloha,MG,2021-07-23 00:41:25,-25.1667,45.05,65.16,83,1,3.36
522,Port Lincoln,AU,2021-07-23 00:44:00,-34.7333,135.8667,56.5,67,59,10.65
523,Riyadh,SA,2021-07-23 00:42:19,24.6877,46.7219,93.34,29,88,10.2
524,Atar,MR,2021-07-23 00:45:08,20.5169,-13.0499,84.38,21,11,3.44
525,Bosobolo,CD,2021-07-23 00:49:13,4.1833,19.9,68.16,96,100,0.65
526,Ulaangom,MN,2021-07-23 00:49:13,49.9811,92.0667,79.18,32,100,4.34
527,Amazar,RU,2021-07-23 00:49:14,53.858,120.875,67.03,99,100,1.9
528,Atbasar,KZ,2021-07-23 00:41:15,51.8,68.3333,67.66,49,3,6.42
529,Uyemskiy,RU,2021-07-23 00:49:14,64.4743,40.8524,41.05,100,40,0.0
530,Nisia Floresta,BR,2021-07-23 00:49:14,-6.0911,-35.2086,76.01,87,28,10.47
531,Worthington,US,2021-07-23 00:48:49,40.0931,-83.018,76.95,65,1,5.75
532,Nha Trang,VN,2021-07-23 00:49:15,12.25,109.1833,86.0,63,100,4.88
533,Ahar,IR,2021-07-23 00:49:15,38.4774,47.0699,68.14,47,3,3.8
534,Tapejara,BR,2021-07-23 00:49:16,-28.0681,-52.0139,54.46,77,32,4.18
535,Marathon,US,2021-07-23 00:49:16,44.9,-89.7668,79.48,85,75,8.05
536,Zaysan,KZ,2021-07-23 00:44:21,47.4667,84.8667,76.01,41,10,0.11
537,Solano,US,2021-07-23 00:49:17,38.2333,-121.9511,98.01,33,1,24.16
538,Salta,AR,2021-07-23 00:49:15,-24.7859,-65.4117,55.99,52,0,1.99
539,Peru,US,2021-07-23 00:47:27,40.7537,-86.0689,78.73,83,100,5.86
540,Vila Velha,BR,2021-07-23 00:39:54,-20.3297,-40.2925,67.95,88,20,5.75
541,Tambacounda,SN,2021-07-23 00:49:17,13.7539,-13.7586,87.85,58,0,9.22
542,Dong Hoi,VN,2021-07-23 00:49:18,17.4833,106.6,79.2,79,100,22.75
543,Ucluelet,CA,2021-07-23 00:47:36,48.9329,-125.5528,76.05,71,100,7.52
544,Levelland,US,2021-07-23 00:48:38,33.5873,-102.378,86.2,31,20,11.81
545,Goundam,ML,2021-07-23 00:46:43,16.4145,-3.6708,90.97,46,33,17.81
546,Kiunga,PG,2021-07-23 00:41:22,-6.1219,141.2906,74.88,96,100,4.16
547,North Platte,US,2021-07-23 00:49:19,41.1239,-100.7654,92.01,41,1,1.99
548,Dutse,NG,2021-07-23 00:49:19,11.7594,9.3392,75.18,81,100,9.75
549,Batagay,RU,2021-07-23 00:49:19,67.6333,134.6333,69.55,44,100,2.24
550,Kondagaon,IN,2021-07-23 00:49:20,19.6,81.6667,73.08,96,100,5.21
551,Ichinohe,JP,2021-07-23 00:49:20,40.2069,141.3017,79.36,65,100,1.59
552,Byron Bay,AU,2021-07-23 00:41:10,-28.65,153.6167,65.17,64,98,13.4
553,Niamey,NE,2021-07-23 00:49:20,13.5137,2.1098,86.29,58,20,6.91
554,Formosa Do Rio Preto,BR,2021-07-23 00:49:21,-11.0483,-45.1931,68.5,53,0,3.02
555,Meridian,US,2021-07-23 00:49:21,43.6121,-116.3915,95.32,20,1,1.01
556,Talavera De La Reina,ES,2021-07-23 00:49:21,39.9635,-4.8308,72.43,23,6,4.27
557,Samandag,TR,2021-07-23 00:49:22,36.0842,35.9771,81.12,86,80,8.39
558,Poum,NC,2021-07-23 00:43:34,-20.2333,164.0167,71.51,71,1,2.37
559,Santa Maria,BR,2021-07-23 00:46:10,-29.6842,-53.8069,52.9,100,0,4.61
560,San Jose,US,2021-07-23 00:49:22,37.3394,-121.895,85.69,52,20,1.01
561,Comodoro Rivadavia,AR,2021-07-23 00:36:46,-45.8667,-67.5,53.46,47,0,14.97
562,Port-Gentil,GA,2021-07-23 00:41:12,-0.7193,8.7815,74.14,79,100,11.63
563,Bucerias,MX,2021-07-23 00:48:12,20.75,-105.3333,82.2,86,94,2.86
564,Vanimo,PG,2021-07-23 00:39:55,-2.6741,141.3028,82.08,82,88,4.23
565,Gopalpur,IN,2021-07-23 00:49:23,19.2667,84.9167,78.44,95,100,2.39
