,City,Lat,Lng,Max Temp,Humidity,Cloudiness,Wind Speed,Description,Date
0,Longyearbyen,78.2186,15.6401,46.24,76,75,5.75,broken clouds,2021-07-24 17:02:42
1,Mitu,1.1983,-70.1733,70.75,100,100,0.27,overcast clouds,2021-07-24 17:10:13
2,Port Alfred,-33.5906,26.891,58.39,71,0,22.12,clear sky,2021-07-24 17:02:43
3,Chingola,-12.529,27.8838,59.86,62,60,13.04,broken clouds,2021-07-24 17:02:43
4,Limbe,4.0242,9.2149,76.1,84,70,11.32,light rain,2021-07-24 17:10:14
5,Tessalit,20.1986,1.0114,100.87,23,20,20.49,few clouds,2021-07-24 17:02:44
6,Punta Arenas,-53.15,-70.9167,39.11,80,100,12.15,overcast clouds,2021-07-24 17:02:31
7,Valparaiso,-33.0393,-71.6273,53.47,79,98,14.94,overcast clouds,2021-07-24 17:02:44
8,Cape Town,-33.9258,18.4232,58.26,50,37,5.1,scattered clouds,2021-07-24 17:07:18
9,Hermanus,-34.4187,19.2345,56.89,60,64,0.4,broken clouds,2021-07-24 17:10:15
10,Vila Franca Do Campo,37.7167,-25.4333,73.81,70,21,8.21,few clouds,2021-07-24 17:10:15
11,Dikson,73.5069,80.5464,38.03,96,100,31.14,light rain,2021-07-24 17:02:45
12,Giyon,8.5333,37.9833,58.87,95,100,5.7,light rain,2021-07-24 17:10:15
13,Nogent-Le-Rotrou,48.3333,1.0,71.65,85,95,10.94,light rain,2021-07-24 17:10:16
14,Shieli,44.1667,66.75,91.63,15,0,8.48,clear sky,2021-07-24 17:10:16
15,Bathsheba,13.2167,-59.5167,83.7,75,23,17.58,few clouds,2021-07-24 17:02:47
16,Ponta Do Sol,32.6667,-17.1,82.71,70,0,5.68,clear sky,2021-07-24 17:02:47
17,Quelimane,-17.8786,36.8883,67.95,73,40,5.75,light rain,2021-07-24 17:10:17
18,Vestmannaeyjar,63.4427,-20.2734,52.79,93,75,13.8,broken clouds,2021-07-24 17:02:48
19,Qaanaaq,77.484,-69.3632,40.95,66,79,1.83,broken clouds,2021-07-24 17:02:48
20,Santa Rosa,14.3122,121.1114,80.91,95,100,14.9,light rain,2021-07-24 17:10:17
21,Jamestown,42.097,-79.2353,81.18,56,79,8.01,broken clouds,2021-07-24 16:58:04
22,Shahr-E Babak,30.1165,55.1186,79.41,31,4,15.86,clear sky,2021-07-24 17:02:49
23,Touros,-5.1989,-35.4608,84.87,50,12,20.29,few clouds,2021-07-24 17:02:49
24,Mar Del Plata,-38.0023,-57.5575,51.82,63,0,13.0,clear sky,2021-07-24 16:59:06
25,Bonthe,7.5264,-12.505,76.35,86,100,10.27,light rain,2021-07-24 16:59:54
26,Bredasdorp,-34.5322,20.0403,50.02,72,59,1.74,broken clouds,2021-07-24 17:02:50
27,Blagoyevo,63.3667,47.9167,46.04,95,100,7.29,overcast clouds,2021-07-24 17:02:50
28,Upernavik,72.7868,-56.1549,39.11,90,99,6.85,overcast clouds,2021-07-24 17:02:50
29,Ushuaia,-54.8,-68.3,37.87,81,82,4.43,broken clouds,2021-07-24 17:01:37
30,Hithadhoo,-0.6,73.0833,82.72,77,55,12.3,broken clouds,2021-07-24 17:02:51
31,Chalinze,-6.6378,38.354,72.79,57,99,4.81,overcast clouds,2021-07-24 17:02:51
32,Saint-Pierre,-21.3393,55.4781,71.24,72,40,5.75,light rain,2021-07-24 17:02:52
33,Sikasso,10.9167,-7.0,84.34,61,100,7.36,overcast clouds,2021-07-24 17:02:52
34,Axim,4.8699,-2.2405,78.03,70,82,7.72,broken clouds,2021-07-24 17:02:53
35,Praia Da Vitoria,38.7333,-27.0667,78.76,80,14,14.9,few clouds,2021-07-24 17:10:20
36,Malangali,-8.5667,34.85,60.44,62,20,13.49,few clouds,2021-07-24 17:02:53
37,Exmouth,50.6172,-3.4023,73.36,79,69,6.69,broken clouds,2021-07-24 17:02:53
38,Scarborough,54.2797,-0.4044,64.92,74,100,1.01,overcast clouds,2021-07-24 17:02:54
39,Sao Filipe,14.8961,-24.4956,74.52,73,83,7.74,broken clouds,2021-07-24 17:10:20
40,Pyshchug,58.8873,45.7134,52.02,60,98,3.74,overcast clouds,2021-07-24 17:02:54
41,Salalah,17.0151,54.0924,77.49,96,100,5.73,overcast clouds,2021-07-24 17:02:55
42,Dingle,10.9995,122.6711,77.67,86,98,10.87,overcast clouds,2021-07-24 17:02:55
43,Castro,-24.7911,-50.0119,71.04,39,0,7.16,clear sky,2021-07-24 17:01:12
44,Osorno,-40.5667,-73.15,46.31,72,100,2.77,overcast clouds,2021-07-24 17:02:55
45,Busselton,-33.65,115.3333,56.08,75,97,15.7,overcast clouds,2021-07-24 17:02:56
46,Bolanos De Calatrava,38.9069,-3.6635,91.08,12,0,14.97,clear sky,2021-07-24 17:02:56
47,Trairi,-3.2778,-39.2689,87.01,47,55,15.35,broken clouds,2021-07-24 17:07:41
48,Constitucion,-35.3333,-72.4167,53.69,83,100,12.5,overcast clouds,2021-07-24 17:02:57
49,Bengkulu,-3.8004,102.2655,76.69,86,19,5.26,few clouds,2021-07-24 17:02:57
50,Jalu,29.0331,21.5482,92.17,18,0,12.3,clear sky,2021-07-24 17:02:57
51,Adrar,20.5022,-10.0711,106.92,14,32,4.92,scattered clouds,2021-07-24 17:02:58
52,Los Llanos De Aridane,28.6585,-17.9182,73.15,69,20,16.11,few clouds,2021-07-24 17:02:58
53,Gloucester,51.8657,-2.2431,72.97,68,75,8.05,broken clouds,2021-07-24 17:02:59
54,Kirkwall,58.9848,-2.9587,59.34,82,90,10.36,overcast clouds,2021-07-24 17:02:59
55,Arraial Do Cabo,-22.9661,-42.0278,71.55,68,0,19.37,clear sky,2021-07-24 17:02:59
56,Wattegama,6.7989,81.4808,79.68,71,99,11.41,overcast clouds,2021-07-24 17:03:00
57,Posse,-14.0931,-46.3694,82.18,23,44,8.59,scattered clouds,2021-07-24 17:03:00
58,Port Elizabeth,-33.918,25.5701,56.1,56,0,11.56,clear sky,2021-07-24 17:03:01
59,Cayenne,4.9333,-52.3333,86.09,77,75,7.0,heavy intensity rain,2021-07-24 17:00:04
60,Ilhabela,-23.7781,-45.3581,72.57,57,0,5.14,clear sky,2021-07-24 17:03:01
61,Kruisfontein,-34.0033,24.7314,53.89,47,2,6.71,clear sky,2021-07-24 17:02:48
62,San Rafael,-34.6177,-68.3301,53.37,43,5,2.01,clear sky,2021-07-24 16:58:26
63,Nanortalik,60.1432,-45.2371,43.7,96,100,12.39,overcast clouds,2021-07-24 17:03:02
64,Bereda,43.2686,-7.5406,67.01,59,62,6.06,broken clouds,2021-07-24 17:03:02
65,Bambous Virieux,-20.3428,57.7575,67.21,76,55,8.88,broken clouds,2021-07-24 17:03:03
66,Murowana Goslina,52.5746,17.0093,80.76,50,75,7.7,broken clouds,2021-07-24 17:03:03
67,Djibo,14.1022,-1.6306,87.17,49,100,7.47,overcast clouds,2021-07-24 17:03:03
68,Raudeberg,61.9875,5.1352,61.86,91,98,4.76,overcast clouds,2021-07-24 17:10:24
69,Sambava,-14.2667,50.1667,70.25,74,20,14.83,few clouds,2021-07-24 17:03:04
70,Rudbar,30.15,62.6,99.05,9,0,2.17,clear sky,2021-07-24 17:03:04
71,Saint-Philippe,-21.3585,55.7679,71.15,80,67,6.26,light rain,2021-07-24 17:03:05
72,Kampene,-3.6,26.6667,78.6,40,9,1.99,clear sky,2021-07-24 17:03:05
73,Marsaxlokk,35.8419,14.5431,88.41,33,0,8.05,clear sky,2021-07-24 17:03:05
74,Chuy,-33.6971,-53.4616,64.9,73,53,5.53,broken clouds,2021-07-24 17:03:06
75,Storforshei,66.4043,14.5233,53.65,99,100,3.65,overcast clouds,2021-07-24 17:03:06
76,Borovoy,55.4333,86.0833,67.28,94,0,4.47,light rain,2021-07-24 17:10:25
77,Ahar,38.4774,47.0699,73.83,62,38,7.47,scattered clouds,2021-07-24 17:03:07
78,Pastavy,55.1168,26.8326,68.11,65,36,0.85,scattered clouds,2021-07-24 17:03:07
79,Lincoln Village,39.9548,-83.1307,83.89,65,1,1.01,clear sky,2021-07-24 17:00:11
80,Takoradi,4.8845,-1.7554,77.52,71,84,8.88,broken clouds,2021-07-24 17:03:07
81,Tasiilaq,65.6145,-37.6368,42.96,98,100,1.88,overcast clouds,2021-07-24 17:03:08
82,Coquimbo,-29.9533,-71.3436,54.5,76,100,8.39,overcast clouds,2021-07-24 17:03:08
83,Nador,35.174,-2.9287,89.85,22,0,14.97,clear sky,2021-07-24 17:03:08
84,Viedma,-40.8135,-62.9967,53.65,32,100,13.58,overcast clouds,2021-07-24 17:10:27
85,Husavik,66.0449,-17.3389,61.41,70,97,15.61,overcast clouds,2021-07-24 17:03:09
86,Carutapera,-1.195,-46.02,83.52,68,89,10.78,overcast clouds,2021-07-24 17:03:09
87,Iskateley,67.6803,53.1512,46.99,79,39,16.02,scattered clouds,2021-07-24 17:03:09
88,Ilulissat,69.2167,-51.1,46.42,71,75,13.8,broken clouds,2021-07-24 17:03:10
89,Mahebourg,-20.4081,57.7,67.24,75,52,8.81,broken clouds,2021-07-24 17:03:10
90,Gat,31.61,34.7642,82.78,12,1,7.2,clear sky,2021-07-24 17:03:10
91,Torbay,47.6666,-52.7314,67.75,73,84,3.44,broken clouds,2021-07-24 17:03:11
92,Souillac,-20.5167,57.5167,67.35,75,35,7.27,scattered clouds,2021-07-24 17:03:04
93,Iqaluit,63.7506,-68.5145,47.93,71,90,16.11,light rain,2021-07-24 17:03:11
94,Misratah,32.3754,15.0925,83.84,54,0,9.95,clear sky,2021-07-24 17:10:28
95,Batsfjord,70.6345,29.7185,44.89,88,100,28.3,overcast clouds,2021-07-24 17:10:28
96,Lyuban,52.7985,28.0048,71.26,68,94,3.83,overcast clouds,2021-07-24 17:03:12
97,East London,-33.0153,27.9116,58.33,70,0,17.92,clear sky,2021-07-24 17:03:12
98,Beaufort,5.3473,115.7455,76.19,96,25,2.48,scattered clouds,2021-07-24 17:03:12
99,Herat,34.5,62.0,88.9,9,0,28.36,clear sky,2021-07-24 17:03:13
100,Barcelos,41.5388,-8.6151,76.28,66,25,10.98,scattered clouds,2021-07-24 17:10:29
101,Vila Velha,-20.3297,-40.2925,70.95,53,44,8.32,scattered clouds,2021-07-24 17:03:13
102,Belmonte,-15.8631,-38.8828,77.5,57,97,11.97,overcast clouds,2021-07-24 17:03:13
103,La Baule-Escoublac,47.2922,-2.364,67.21,90,90,13.8,overcast clouds,2021-07-24 17:03:14
104,Ribeira Grande,38.5167,-28.7,73.8,88,75,11.5,broken clouds,2021-07-24 17:03:14
105,Karaman,37.0833,33.25,72.25,27,0,11.48,clear sky,2021-07-24 17:03:14
106,Ipameri,-17.7219,-48.1597,80.01,25,0,10.07,clear sky,2021-07-24 17:03:15
107,Saint-Augustin,51.226,-58.6502,58.82,65,87,8.08,overcast clouds,2021-07-24 17:01:03
108,Grand Gaube,-20.0064,57.6608,67.37,75,51,4.0,broken clouds,2021-07-24 17:10:31
109,Moose Factory,51.2585,-80.6094,64.71,84,100,12.44,overcast clouds,2021-07-24 17:10:31
110,Kudahuvadhoo,2.6708,72.8944,82.33,77,75,6.53,broken clouds,2021-07-24 17:03:15
111,Qasigiannguit,68.8193,-51.1922,46.65,96,88,11.43,overcast clouds,2021-07-24 17:03:16
112,Carndonagh,55.25,-7.2667,71.64,66,47,5.23,scattered clouds,2021-07-24 17:03:16
113,Maraa,-1.8333,-65.3667,83.3,73,81,2.1,broken clouds,2021-07-24 17:03:17
114,Huicungo,-7.2833,-76.8,87.71,44,7,2.89,clear sky,2021-07-24 17:03:17
115,Maracacume,-2.0428,-45.9592,82.65,67,89,4.23,light rain,2021-07-24 17:03:17
116,Saint-Francois,46.4154,3.9054,77.68,62,0,3.44,clear sky,2021-07-24 17:03:17
117,Paamiut,61.994,-49.6678,42.21,97,100,4.52,overcast clouds,2021-07-24 17:03:18
118,Mastung,29.7994,66.845,85.95,30,77,3.67,broken clouds,2021-07-24 17:03:18
119,Marsh Harbour,26.5412,-77.0636,78.89,80,100,13.51,overcast clouds,2021-07-24 17:00:07
120,Kathu,7.9178,98.3332,87.69,72,100,13.4,overcast clouds,2021-07-24 17:03:19
121,Maloy,61.9353,5.1136,73.99,90,92,4.25,overcast clouds,2021-07-24 17:03:19
122,Zwedru,6.0667,-8.1281,80.24,67,81,3.91,broken clouds,2021-07-24 17:03:19
123,Sokoto,13.0609,5.239,85.15,55,95,9.4,light rain,2021-07-24 17:10:33
124,Araouane,18.9048,-3.5265,106.41,17,20,10.74,few clouds,2021-07-24 17:03:20
125,Richards Bay,-28.783,32.0377,57.15,75,22,6.33,few clouds,2021-07-24 17:10:33
126,Pitimbu,-7.4706,-34.8086,82.99,64,3,16.33,clear sky,2021-07-24 17:10:34
127,Lagoa,39.05,-27.9833,71.08,95,13,14.9,few clouds,2021-07-24 17:01:03
128,Thompson,55.7435,-97.8558,74.05,41,73,13.38,broken clouds,2021-07-24 17:10:34
129,Krasnoselkup,65.7,82.4667,59.74,89,85,13.67,overcast clouds,2021-07-24 17:03:21
130,Oranjemund,-28.55,16.4333,66.58,23,2,9.01,clear sky,2021-07-24 17:03:21
131,Otkaznoye,44.3264,43.8608,80.64,54,96,4.9,overcast clouds,2021-07-24 17:03:22
132,Birin,26.8865,88.0718,64.96,93,23,3.94,few clouds,2021-07-24 17:03:22
133,Ammapettai,10.8,79.3333,86.68,61,74,12.53,broken clouds,2021-07-24 17:03:22
134,Luderitz,-26.6481,15.1594,64.58,33,5,6.42,clear sky,2021-07-24 17:03:16
135,Likhoslavl,57.1275,35.464,61.5,57,86,2.98,overcast clouds,2021-07-24 17:03:23
136,Georgetown,5.4112,100.3354,85.89,74,20,0.0,few clouds,2021-07-24 17:00:35
137,Kosh-Agach,50.0,88.6667,56.34,79,98,4.16,overcast clouds,2021-07-24 17:03:24
138,Coihaique,-45.5752,-72.0662,41.9,65,100,1.52,overcast clouds,2021-07-24 17:03:24
139,Carnarvon,-24.8667,113.6333,66.22,70,100,12.35,overcast clouds,2021-07-24 17:03:24
140,Jorpeland,59.0225,6.0408,72.1,87,66,1.77,broken clouds,2021-07-24 17:03:24
141,Cockburn Town,21.4612,-71.1419,87.76,62,40,17.27,scattered clouds,2021-07-24 17:03:25
142,Balkanabat,39.5108,54.3671,87.58,57,0,8.81,clear sky,2021-07-24 17:03:25
143,San Juan,-31.5375,-68.5364,56.91,34,59,3.51,broken clouds,2021-07-24 17:03:25
144,Kyrksaeterora,63.2906,9.0891,70.92,58,82,4.63,broken clouds,2021-07-24 17:03:26
145,Albany,42.6001,-73.9662,81.81,51,7,1.01,clear sky,2021-07-24 17:02:04
146,Clyde River,70.4692,-68.5914,39.18,72,100,8.61,overcast clouds,2021-07-24 17:02:16
147,Pangnirtung,66.1451,-65.7125,48.04,61,100,6.31,overcast clouds,2021-07-24 17:03:27
148,Neyshabur,36.2133,58.7958,88.84,13,1,6.17,clear sky,2021-07-24 17:03:27
149,Skibbereen,51.55,-9.2667,71.4,75,33,5.68,scattered clouds,2021-07-24 17:03:27
150,Conceicao Do Araguaia,-8.2578,-49.2647,95.63,22,8,6.64,clear sky,2021-07-24 17:01:21
151,Ambilobe,-13.2,49.05,69.13,72,82,3.56,broken clouds,2021-07-24 17:10:37
152,Bonavista,48.6499,-53.1147,67.12,79,71,5.1,broken clouds,2021-07-24 17:03:28
153,Klaksvik,62.2266,-6.589,50.92,94,75,21.03,broken clouds,2021-07-24 16:59:21
154,Toamasina,-18.1667,49.3833,67.91,82,1,8.68,clear sky,2021-07-24 17:03:28
155,Tazovskiy,67.4667,78.7,51.53,83,100,5.59,overcast clouds,2021-07-24 17:03:29
156,Kavaratti,10.5669,72.642,81.68,83,15,19.08,few clouds,2021-07-24 17:03:29
157,Cubuk,40.2386,33.0322,76.96,36,0,12.66,clear sky,2021-07-24 17:03:29
158,Pancas,-19.225,-40.8514,81.59,35,40,6.89,scattered clouds,2021-07-24 17:03:30
159,Ancud,-41.8697,-73.8203,46.22,70,100,4.94,overcast clouds,2021-07-24 17:03:30
160,Muros,42.7762,-9.0603,74.68,73,33,5.66,scattered clouds,2021-07-24 17:03:30
161,Teofilo Otoni,-17.8575,-41.5053,74.73,50,35,8.08,scattered clouds,2021-07-24 17:00:32
162,Nkoteng,4.5167,12.0333,73.49,88,37,5.32,light rain,2021-07-24 17:03:31
163,Saint George,37.1041,-113.5841,90.36,44,1,1.99,clear sky,2021-07-24 17:03:31
164,Florianopolis,-27.6146,-48.5012,78.4,77,0,3.0,clear sky,2021-07-24 17:03:31
165,Saint-Louis,16.3333,-15.0,98.49,27,19,7.72,few clouds,2021-07-24 17:10:39
166,Havoysund,70.9963,24.6622,45.48,84,100,22.26,overcast clouds,2021-07-24 17:03:32
167,Namibe,-15.1961,12.1522,68.31,74,0,7.43,clear sky,2021-07-24 17:01:06
168,Wegorzewo,54.2157,21.7372,71.15,66,65,2.3,broken clouds,2021-07-24 17:03:32
169,Sakakah,29.9697,40.2064,96.33,20,0,12.33,clear sky,2021-07-24 17:03:33
170,Kevsala,45.7983,42.6903,75.58,43,36,5.68,scattered clouds,2021-07-24 17:03:33
171,Rovaniemi,66.5,25.7167,63.81,55,0,8.05,clear sky,2021-07-24 17:03:33
172,Sistranda,63.7256,8.834,67.96,83,89,9.69,overcast clouds,2021-07-24 17:03:34
173,Mindyak,54.0231,58.7891,59.04,77,88,2.62,overcast clouds,2021-07-24 17:03:34
174,Nisia Floresta,-6.0911,-35.2086,85.59,43,2,17.45,clear sky,2021-07-24 17:00:36
175,Caravelas,-17.7125,-39.2481,74.8,66,45,9.57,scattered clouds,2021-07-24 17:03:35
176,Gamba,-2.65,10.0,72.93,75,31,8.97,scattered clouds,2021-07-24 17:03:35
177,Goundam,16.4145,-3.6708,86.22,59,70,5.1,broken clouds,2021-07-24 17:03:36
178,Marawi,7.9986,124.2928,70.25,89,88,6.08,overcast clouds,2021-07-24 17:03:36
179,Santa Maria Da Vitoria,-13.3947,-44.1886,85.3,29,30,7.49,scattered clouds,2021-07-24 17:03:36
180,Abu Dhabi,24.4667,54.3667,94.77,67,30,12.12,scattered clouds,2021-07-24 17:00:06
181,Waddan,29.1614,16.139,92.68,21,0,14.18,clear sky,2021-07-24 17:03:37
182,Lebu,-37.6167,-73.65,52.54,70,23,10.42,few clouds,2021-07-24 17:03:14
183,Uribia,11.7139,-72.266,92.64,46,77,16.67,broken clouds,2021-07-24 17:03:37
184,Puerto Maldonado,-12.6,-69.1833,92.52,28,0,3.15,clear sky,2021-07-24 17:03:38
185,Opuwo,-18.0607,13.84,65.86,12,0,9.35,clear sky,2021-07-24 17:03:38
186,Thunder Bay,48.4001,-89.3168,82.29,73,62,1.01,broken clouds,2021-07-24 17:01:59
187,Monrovia,6.3005,-10.7969,83.97,75,98,10.38,overcast clouds,2021-07-24 17:03:38
188,Sabzevar,36.2126,57.6819,92.23,12,0,23.73,clear sky,2021-07-24 17:03:39
189,Bejucal,22.9286,-82.3886,88.32,49,52,6.58,broken clouds,2021-07-24 17:03:39
190,Pisco,-13.7,-76.2167,64.02,81,5,10.47,clear sky,2021-07-24 17:03:39
191,Penzance,50.1186,-5.5371,69.01,82,40,10.36,scattered clouds,2021-07-24 17:03:40
192,Taltal,-25.4,-70.4833,60.89,67,32,6.46,scattered clouds,2021-07-24 17:03:40
193,Miraflores,19.2167,-98.8083,70.56,46,5,4.16,clear sky,2021-07-24 17:03:40
194,Sandanski,41.5667,23.2833,81.7,32,58,4.65,broken clouds,2021-07-24 17:03:41
195,Villa Del Rosario,7.8339,-72.4742,93.16,38,100,4.14,overcast clouds,2021-07-24 17:03:41
196,Mitsamiouli,-11.3847,43.2844,76.14,72,56,25.37,broken clouds,2021-07-24 17:03:42
197,Tiznit,29.5833,-9.5,92.03,26,87,8.05,overcast clouds,2021-07-24 17:10:43
198,Manchester,53.4809,-2.2374,75.78,60,20,3.0,few clouds,2021-07-24 16:59:39
199,Diamantino,-14.4086,-56.4461,94.68,21,3,8.08,clear sky,2021-07-24 17:02:52
200,Suoyarvi,62.0833,32.35,60.01,52,95,2.3,overcast clouds,2021-07-24 17:03:43
201,Badin,24.656,68.8384,83.93,78,77,15.21,broken clouds,2021-07-24 17:03:43
202,Pasni,25.2631,63.471,82.65,81,98,9.53,overcast clouds,2021-07-24 17:03:44
203,Victoria,22.2855,114.1577,86.38,88,89,1.01,light rain,2021-07-24 16:58:51
204,Rosetta,31.4044,30.4164,78.94,73,4,16.33,clear sky,2021-07-24 17:03:44
205,Synya,65.3718,58.0387,48.15,95,100,4.43,overcast clouds,2021-07-24 17:03:44
206,Tashara,55.5195,83.5094,64.09,88,13,0.45,moderate rain,2021-07-24 17:03:45
207,Sokoni,-6.4333,39.55,76.24,77,98,24.43,light rain,2021-07-24 17:03:45
208,Saint-Claude,46.5,5.8333,71.26,93,62,2.82,broken clouds,2021-07-24 17:03:46
209,Havelock,34.8791,-76.9013,86.05,57,1,8.01,clear sky,2021-07-24 17:03:46
210,Back Mountain,41.3359,-75.9963,82.29,55,44,3.29,scattered clouds,2021-07-24 17:03:46
211,Teya,60.3778,92.6267,64.71,64,81,2.86,broken clouds,2021-07-24 17:00:52
212,Chabahar,25.2919,60.643,84.02,84,29,6.46,scattered clouds,2021-07-24 17:03:47
213,Harper,4.375,-7.7169,78.13,67,88,7.7,overcast clouds,2021-07-24 17:03:47
214,Standerton,-26.9337,29.2415,44.62,56,0,8.14,clear sky,2021-07-24 17:03:47
215,Mmabatho,-25.85,25.6333,45.81,40,0,8.75,clear sky,2021-07-24 17:03:48
216,Maragogi,-9.0122,-35.2225,78.66,64,13,12.68,few clouds,2021-07-24 17:03:48
217,Douentza,14.9951,-2.9517,85.23,61,81,8.08,broken clouds,2021-07-24 17:03:49
218,Tricase,39.9304,18.3553,82.56,49,0,4.45,clear sky,2021-07-24 17:03:49
219,Linhares,-19.3911,-40.0722,79.72,40,7,10.2,clear sky,2021-07-24 16:59:26
220,Gedo,9.0167,37.45,53.13,98,100,4.21,light rain,2021-07-24 17:03:49
221,Kamenka,51.3223,42.7678,66.31,58,65,4.47,broken clouds,2021-07-24 17:03:50
222,Khuldabad,20.05,75.1833,71.89,89,100,15.26,overcast clouds,2021-07-24 17:03:50
223,Olafsvik,64.8945,-23.7142,50.61,92,100,10.29,moderate rain,2021-07-24 17:03:50
224,Gobabis,-22.45,18.9667,52.56,13,0,10.8,clear sky,2021-07-24 17:03:51
225,Bhind,26.5642,78.7883,92.71,56,65,8.99,broken clouds,2021-07-24 17:03:51
226,Highland Springs,37.546,-77.3278,87.15,64,75,10.36,broken clouds,2021-07-24 17:03:52
227,Gouyave,12.1646,-61.7296,79.59,83,100,13.78,overcast clouds,2021-07-24 17:03:52
228,Oromocto,45.8351,-66.4792,79.25,48,25,5.99,scattered clouds,2021-07-24 17:03:52
229,Micheweni,-4.9667,39.8333,76.01,75,13,20.15,few clouds,2021-07-24 17:03:53
230,Panaba,21.2833,-88.2667,95.59,42,47,9.82,scattered clouds,2021-07-24 17:03:53
231,Bandarbeyla,9.4942,50.8122,77.77,75,89,30.2,overcast clouds,2021-07-24 17:03:53
232,Kitob,39.0843,66.8332,91.98,16,0,3.94,clear sky,2021-07-24 17:03:53
233,Muscat,23.6139,58.5922,94.62,55,84,4.12,broken clouds,2021-07-24 17:01:20
234,Rancho Veloz,22.8806,-80.3917,90.09,60,70,7.65,broken clouds,2021-07-24 17:03:54
235,Caetite,-14.0694,-42.475,77.29,34,62,11.05,broken clouds,2021-07-24 17:00:51
236,Lamu,-2.2717,40.902,77.22,78,8,22.57,clear sky,2021-07-24 17:03:54
237,Laguna,38.421,-121.4238,94.44,52,1,1.01,clear sky,2021-07-24 17:03:25
238,Outjo,-20.1167,16.15,61.72,10,0,8.1,clear sky,2021-07-24 17:03:55
239,Vardo,70.3705,31.1107,46.18,82,97,27.78,overcast clouds,2021-07-24 17:03:55
240,Uusikaupunki,60.8004,21.4084,72.12,59,40,6.46,scattered clouds,2021-07-24 17:03:56
241,Careiro Da Varzea,-3.2003,-59.8119,88.43,44,51,4.52,light rain,2021-07-24 17:03:56
242,Maykor,59.0059,55.88,53.44,81,100,3.27,overcast clouds,2021-07-24 17:03:56
243,Kharitonovo,61.4009,47.4978,50.0,71,97,3.94,overcast clouds,2021-07-24 17:03:57
244,Aquiraz,-3.9014,-38.3911,89.22,44,27,12.37,scattered clouds,2021-07-24 17:03:57
245,Faranah,10.0404,-10.7434,75.15,90,100,7.07,light rain,2021-07-24 17:03:57
246,Santa Cruz Cabralia,-16.2781,-39.0247,77.23,61,40,8.05,scattered clouds,2021-07-24 17:03:58
247,Mao,39.8885,4.2658,86.56,70,0,4.61,clear sky,2021-07-24 17:03:58
248,Guiratinga,-16.3494,-53.7583,89.37,22,0,8.19,clear sky,2021-07-24 17:03:58
249,Hamilton,39.1834,-84.5333,86.76,63,6,3.0,clear sky,2021-07-24 17:00:05
250,Hobyo,5.3505,48.5268,78.49,72,85,29.17,overcast clouds,2021-07-24 17:03:59
251,Matay,28.419,30.7792,92.26,21,0,9.95,clear sky,2021-07-24 17:03:59
252,Nynashamn,58.9034,17.9479,78.1,66,99,10.6,overcast clouds,2021-07-24 17:04:00
253,Puri,19.8,85.85,87.39,81,87,16.44,overcast clouds,2021-07-24 17:04:00
254,Emba,48.8264,58.1442,79.41,41,50,11.34,scattered clouds,2021-07-24 17:10:51
255,Turayf,31.6725,38.6637,87.15,24,0,12.48,clear sky,2021-07-24 17:04:00
256,Roald,62.5833,6.1333,77.16,88,90,5.75,overcast clouds,2021-07-24 17:01:15
257,Buta,2.7858,24.73,76.8,75,100,3.24,overcast clouds,2021-07-24 17:04:01
258,Westport,41.1415,-73.3579,85.6,57,1,1.01,clear sky,2021-07-24 17:04:01
259,Bin Qirdan,33.1378,11.2197,89.56,34,0,16.93,clear sky,2021-07-24 17:04:02
260,Kigorobya,1.6162,31.3089,73.47,55,86,5.64,overcast clouds,2021-07-24 17:04:02
261,Le Port,-20.9373,55.2919,71.56,75,37,3.98,light rain,2021-07-24 17:04:03
262,Soto,-32.8107,-61.4026,72.88,54,100,7.9,overcast clouds,2021-07-24 17:04:03
263,Ewo,-0.8725,14.8206,88.3,35,88,3.71,overcast clouds,2021-07-24 17:04:04
264,Trelew,-43.249,-65.3051,51.53,32,100,20.45,overcast clouds,2021-07-24 16:59:54
265,Saldanha,-33.0117,17.9442,57.27,64,9,7.81,clear sky,2021-07-24 17:04:04
266,Port Blair,11.6667,92.75,82.36,84,100,21.27,overcast clouds,2021-07-24 17:04:05
267,Chamba,32.5667,76.1333,79.93,86,93,2.06,overcast clouds,2021-07-24 17:04:05
268,Watsa,3.0372,29.5355,65.68,97,100,3.02,light rain,2021-07-24 17:04:06
269,Rio Gallegos,-51.6226,-69.2181,44.65,53,0,10.36,clear sky,2021-07-24 17:10:53
270,Los Angeles,34.0522,-118.2437,89.71,73,40,0.0,haze,2021-07-24 17:03:27
271,Dolzhanskaya,46.6311,37.8039,77.92,55,0,8.39,clear sky,2021-07-24 17:04:06
272,Rey Bouba,8.6724,14.1786,78.75,84,63,3.62,light rain,2021-07-24 17:04:06
273,Lumberton,34.6182,-79.0086,89.22,45,1,5.03,clear sky,2021-07-24 17:01:43
274,Onega,63.9061,38.1404,52.97,62,100,7.43,overcast clouds,2021-07-24 17:04:07
275,Nicoya,10.1483,-85.452,80.15,93,100,3.22,overcast clouds,2021-07-24 17:04:07
276,Salacgriva,57.7536,24.3581,66.4,58,43,6.82,scattered clouds,2021-07-24 17:04:08
277,Hun,29.1268,15.9477,92.97,20,0,14.32,clear sky,2021-07-24 17:04:08
278,Dzilam Gonzalez,21.2833,-88.9333,90.7,53,99,6.55,overcast clouds,2021-07-24 17:04:08
279,Petropavlovskoye,52.0712,84.107,65.21,92,34,3.74,scattered clouds,2021-07-24 17:04:09
280,Wadi Musa,30.3222,35.4793,75.67,38,0,9.37,clear sky,2021-07-24 17:04:09
281,Nizhniy Odes,63.6445,54.856,45.88,81,75,5.12,broken clouds,2021-07-24 17:04:09
282,San Cristobal,7.7669,-72.225,83.95,48,100,6.67,overcast clouds,2021-07-24 17:04:10
283,Cabedelo,-6.9811,-34.8339,83.07,63,0,17.52,clear sky,2021-07-24 17:06:59
284,Abha,18.2164,42.5053,68.4,66,93,2.95,overcast clouds,2021-07-24 17:02:13
285,Hualmay,-11.0964,-77.6139,67.15,71,31,8.34,scattered clouds,2021-07-24 17:04:10
286,Ostrovnoy,68.0531,39.5131,48.85,85,100,19.95,overcast clouds,2021-07-24 17:04:11
287,Oussouye,12.485,-16.5469,84.0,54,87,10.51,overcast clouds,2021-07-24 17:08:21
288,Henties Bay,-22.116,14.2845,64.87,36,1,3.87,clear sky,2021-07-24 17:04:11
289,Havre-Saint-Pierre,50.2334,-63.5986,60.57,82,67,7.81,broken clouds,2021-07-24 17:04:11
290,Bay Roberts,47.5999,-53.2648,68.5,80,61,5.99,light rain,2021-07-24 17:04:12
291,Chapada Dos Guimaraes,-15.4606,-55.7497,85.66,20,2,7.45,clear sky,2021-07-24 17:04:12
292,San Pedro,14.35,121.0167,80.15,95,100,17.22,overcast clouds,2021-07-24 17:04:12
293,Sajanan,37.0573,9.2426,102.24,15,0,11.68,clear sky,2021-07-24 17:04:13
294,Parrsboro,45.4001,-64.332,74.41,79,94,5.99,overcast clouds,2021-07-24 17:04:13
295,Maldonado,-34.6667,-54.9167,62.22,73,95,11.18,overcast clouds,2021-07-24 17:04:13
296,Rapar,23.5667,70.6333,84.88,74,61,15.37,broken clouds,2021-07-24 17:04:14
297,Nouadhibou,20.931,-17.0347,68.41,93,3,17.31,clear sky,2021-07-24 17:04:14
298,Esteli,13.0919,-86.3538,82.44,49,85,7.63,overcast clouds,2021-07-24 17:04:14
299,Chirnogi,44.1167,26.5667,83.08,52,65,6.73,broken clouds,2021-07-24 17:04:15
300,Henderson,36.0397,-114.9819,93.38,43,1,0.0,clear sky,2021-07-24 17:04:15
301,Talcahuano,-36.7167,-73.1167,55.08,71,75,9.22,broken clouds,2021-07-24 17:04:15
302,Bubanza,-3.1167,29.4,72.97,55,49,2.3,scattered clouds,2021-07-24 17:04:16
303,Shakawe,-18.3667,21.85,64.4,30,0,6.71,clear sky,2021-07-24 17:04:16
304,Manta,-0.95,-80.7333,75.42,76,98,10.45,overcast clouds,2021-07-24 17:04:17
305,Amurrio,43.05,-3.0,76.75,58,42,8.5,scattered clouds,2021-07-24 17:04:17
306,Yar-Sale,66.8333,70.8333,52.95,73,100,8.57,overcast clouds,2021-07-24 17:04:17
307,Kutum,14.2,24.6667,82.62,46,77,4.97,broken clouds,2021-07-24 17:04:17
308,Stromness,58.965,-3.296,59.25,90,79,14.97,broken clouds,2021-07-24 17:04:18
309,Grand-Santi,4.25,-54.3833,88.25,56,57,3.69,broken clouds,2021-07-24 17:04:18
310,Vigrestad,58.5667,5.7,71.96,85,3,1.9,clear sky,2021-07-24 16:59:50
311,Sukhumi,43.0033,41.0153,72.64,84,34,1.48,scattered clouds,2021-07-24 17:04:19
312,Sao Joao Da Barra,-21.6403,-41.0511,72.77,58,22,11.88,few clouds,2021-07-24 17:03:22
313,Porto Murtinho,-21.6989,-57.8825,97.07,19,0,13.04,clear sky,2021-07-24 17:04:19
314,Betsiamites,48.9413,-68.646,65.5,63,8,4.85,clear sky,2021-07-24 17:04:19
315,Bria,6.5423,21.9863,71.94,94,31,3.4,light rain,2021-07-24 17:04:20
316,Masvingo,-20.0637,30.8277,50.18,53,33,8.25,scattered clouds,2021-07-24 17:02:28
317,Dungarvan,52.0881,-7.6253,75.52,74,84,5.99,broken clouds,2021-07-24 16:59:58
318,Shelomi,33.0747,35.1461,83.52,78,38,5.64,scattered clouds,2021-07-24 17:04:20
319,Sarankhola,22.3082,89.7897,79.86,93,81,6.29,broken clouds,2021-07-24 17:04:21
320,Mikumi,-7.4041,36.9831,67.69,62,67,3.69,broken clouds,2021-07-24 17:04:21
321,Jacmel,18.2342,-72.5347,89.44,60,100,6.44,overcast clouds,2021-07-24 17:04:22
322,Kombissiri,12.0656,-1.3375,87.73,48,100,8.3,overcast clouds,2021-07-24 17:04:22
323,San Rafael Del Sur,11.8485,-86.4384,83.37,53,100,3.58,light rain,2021-07-24 17:04:22
324,Durham,36.0335,-78.8664,87.98,67,75,1.99,broken clouds,2021-07-24 17:03:29
325,Barra Do Garcas,-15.89,-52.2567,90.48,24,0,7.18,clear sky,2021-07-24 17:04:23
326,Mhlambanyatsi,-26.45,31.0167,40.8,81,88,1.68,overcast clouds,2021-07-24 17:04:23
327,Cidreira,-30.1811,-50.2056,70.12,51,0,5.7,clear sky,2021-07-24 17:04:24
328,Port-Gentil,-0.7193,8.7815,75.49,75,31,14.79,scattered clouds,2021-07-24 17:03:45
329,Porto Santo,33.072,-16.3415,78.71,64,20,14.97,few clouds,2021-07-24 17:04:24
330,Puerto Asis,0.5133,-76.5007,72.41,86,100,0.98,overcast clouds,2021-07-24 17:04:24
331,Mehamn,71.0357,27.8492,44.89,87,100,25.75,overcast clouds,2021-07-24 17:03:09
332,Rio Grande,-32.035,-52.0986,82.51,63,1,5.46,clear sky,2021-07-24 17:04:25
333,Jacareacanga,-6.2222,-57.7528,98.6,23,72,4.54,broken clouds,2021-07-24 17:04:25
334,Stepnyak,52.8339,70.7803,77.65,36,90,6.51,overcast clouds,2021-07-24 17:04:25
335,Sharhorod,48.7383,28.085,74.03,62,98,2.86,overcast clouds,2021-07-24 17:04:26
336,Marystown,47.1666,-55.1483,60.12,84,89,12.75,overcast clouds,2021-07-24 17:04:26
337,Inirida,3.8653,-67.9239,78.66,89,100,4.07,light rain,2021-07-24 17:11:01
338,Lasa,46.6166,10.7002,76.91,85,95,6.89,overcast clouds,2021-07-24 17:04:27
339,Houma,29.5958,-90.7195,93.2,69,40,10.36,scattered clouds,2021-07-24 17:04:27
340,Blagodatnoye,45.3997,42.5867,76.12,47,63,7.54,broken clouds,2021-07-24 17:04:27
341,Mugumu,-1.85,34.7,72.27,36,65,4.54,broken clouds,2021-07-24 17:02:12
342,Contamana,-7.3333,-75.0167,93.81,32,32,1.57,scattered clouds,2021-07-24 17:04:28
343,Macherla,16.4833,79.4333,83.1,71,89,12.1,overcast clouds,2021-07-24 17:04:28
344,Talnakh,69.4865,88.3972,55.62,67,78,5.61,broken clouds,2021-07-24 17:04:28
345,Chapais,49.7834,-74.8492,75.63,32,94,13.98,overcast clouds,2021-07-24 17:04:29
346,Codrington,-38.2667,141.9667,42.08,92,99,17.16,light rain,2021-07-24 17:04:11
347,Banda Aceh,5.5577,95.3222,81.19,77,99,10.42,overcast clouds,2021-07-24 17:00:23
348,Saint Anthony,45.0205,-93.218,88.25,64,40,9.22,scattered clouds,2021-07-24 16:59:37
349,Beroroha,-21.6667,45.1667,70.39,36,78,11.65,broken clouds,2021-07-24 17:04:29
350,Marzuq,14.4,46.4667,74.98,74,88,7.85,overcast clouds,2021-07-24 17:04:30
351,Olinda,-8.0089,-34.8553,80.33,54,40,16.11,scattered clouds,2021-07-24 17:11:04
352,Foumban,5.7291,10.9001,67.64,93,46,2.19,moderate rain,2021-07-24 17:04:30
353,Durban,-29.8579,31.0292,58.01,75,22,2.37,few clouds,2021-07-24 17:04:31
354,Port Hawkesbury,45.6169,-61.3485,68.92,76,36,8.99,scattered clouds,2021-07-24 17:04:31
355,Lago Da Pedra,-4.3333,-45.1667,92.19,31,46,7.29,scattered clouds,2021-07-24 17:04:31
356,Odweyne,9.4092,45.064,73.35,51,100,21.54,overcast clouds,2021-07-24 17:01:24
357,Ismailia,30.6043,32.2723,82.44,60,0,16.62,clear sky,2021-07-24 17:00:11
358,Dutlwe,-23.9833,23.9,51.46,35,0,11.07,clear sky,2021-07-24 17:04:32
359,Funtua,11.5233,7.3081,74.8,80,86,7.07,moderate rain,2021-07-24 17:04:32
360,Grindavik,63.8424,-22.4338,50.56,100,75,18.41,broken clouds,2021-07-24 17:04:33
361,Vasylivka,47.4369,35.2742,78.89,50,23,3.87,few clouds,2021-07-24 17:04:33
362,Margate,51.3813,1.3862,72.97,76,35,1.99,scattered clouds,2021-07-24 17:04:33
363,Hambantota,6.1241,81.1185,80.35,80,83,15.28,broken clouds,2021-07-24 17:04:34
364,Bhinga,27.7167,81.9333,87.46,76,19,7.31,few clouds,2021-07-24 17:04:34
365,Paragominas,-2.9667,-47.4833,90.41,31,89,6.4,overcast clouds,2021-07-24 17:04:34
366,Itabaianinha,-11.2739,-37.79,74.39,83,61,10.8,broken clouds,2021-07-24 17:04:35
367,Necochea,-38.5473,-58.7368,53.04,50,79,16.58,broken clouds,2021-07-24 17:04:35
368,Cap Malheureux,-19.9842,57.6142,67.46,74,53,5.01,broken clouds,2021-07-24 17:04:35
369,Ravar,31.2656,56.8055,93.2,10,0,9.95,clear sky,2021-07-24 17:04:36
370,Colmenar Viejo,40.6591,-3.7676,87.48,21,0,8.05,clear sky,2021-07-24 17:04:36
371,Sadri,25.1833,73.4333,85.17,70,97,10.92,overcast clouds,2021-07-24 17:04:36
372,Am Timan,11.0297,20.2827,84.88,52,66,5.37,light rain,2021-07-24 17:04:37
373,Puerto Cabezas,14.0351,-83.3888,82.38,79,99,11.52,overcast clouds,2021-07-24 17:04:37
374,Agadir,30.4202,-9.5982,82.85,42,92,5.57,overcast clouds,2021-07-24 17:04:37
375,Cobija,-11.0267,-68.7692,95.68,26,1,3.09,clear sky,2021-07-24 17:04:38
376,Port-Cartier,50.0334,-66.8654,68.76,63,42,7.31,scattered clouds,2021-07-24 17:04:38
377,Formello,42.0801,12.3998,91.76,43,31,7.92,scattered clouds,2021-07-24 17:04:38
378,Sur,22.5667,59.5289,92.35,56,83,11.21,broken clouds,2021-07-24 17:04:13
379,Bilma,18.6853,12.9164,102.13,24,48,13.67,scattered clouds,2021-07-24 17:04:39
380,Mogadishu,2.0371,45.3438,76.68,79,54,22.37,broken clouds,2021-07-24 17:04:39
381,Nantucket,41.2835,-70.0995,80.71,60,1,4.61,clear sky,2021-07-24 17:04:40
382,Alenquer,-1.9417,-54.7383,88.14,40,88,7.94,overcast clouds,2021-07-24 17:04:40
383,Ust-Tsilma,65.441,52.1498,48.11,75,56,8.72,broken clouds,2021-07-24 17:04:40
384,Matagami,49.7502,-77.6328,67.28,68,100,11.59,overcast clouds,2021-07-24 17:02:33
385,Greaca,44.1094,26.3394,82.62,49,82,7.0,broken clouds,2021-07-24 17:04:41
386,Kautokeino,69.0125,23.0412,55.99,67,100,11.95,overcast clouds,2021-07-24 17:04:41
387,Savannah Bight,16.45,-85.85,87.85,76,100,2.68,overcast clouds,2021-07-24 17:04:41
388,Rundu,-17.9333,19.7667,63.81,23,0,6.38,clear sky,2021-07-24 17:04:42
389,Certegui,5.3707,-76.6044,74.1,97,100,1.81,light rain,2021-07-24 17:04:42
390,Garowe,8.4054,48.4845,81.1,43,95,27.51,overcast clouds,2021-07-24 17:04:43
391,Benghazi,32.1167,20.0667,80.49,68,0,14.9,clear sky,2021-07-24 17:04:43
392,Camacha,33.0833,-16.3333,75.96,64,20,14.97,few clouds,2021-07-24 17:04:43
393,General Roca,-39.0333,-67.5833,50.59,31,99,8.95,overcast clouds,2021-07-24 17:04:44
394,Nampula,-15.1165,39.2666,62.1,68,33,11.86,scattered clouds,2021-07-24 17:04:44
395,Berlevag,70.8578,29.0864,45.18,87,100,28.1,overcast clouds,2021-07-24 17:04:44
396,Keetmanshoop,-26.5833,18.1333,57.33,11,0,10.2,clear sky,2021-07-24 17:04:45
397,Bozoum,6.3193,16.3799,72.45,92,92,4.21,light rain,2021-07-24 17:04:45
398,La Palma,33.8464,-118.0467,86.5,73,40,4.0,scattered clouds,2021-07-24 17:04:46
399,Amarante Do Maranhao,-5.5667,-46.7422,94.57,25,18,7.63,few clouds,2021-07-24 17:04:46
400,Dutse,11.7594,9.3392,82.51,63,85,7.58,light rain,2021-07-24 17:04:46
401,Ripky,51.801,31.0838,69.73,66,68,4.56,broken clouds,2021-07-24 17:04:47
402,Nuuk,64.1835,-51.7216,43.41,75,75,6.91,broken clouds,2021-07-24 17:04:47
403,Gerash,27.6652,54.1371,81.41,55,69,2.13,broken clouds,2021-07-24 17:04:47
404,Inhambane,-23.865,35.3833,63.16,73,45,11.81,light rain,2021-07-24 17:04:48
405,Berdsk,54.7551,83.0967,67.6,86,27,3.87,scattered clouds,2021-07-24 17:04:48
406,Yarada,17.65,83.2667,82.72,94,75,5.75,mist,2021-07-24 17:04:48
407,Cheremukhovo,60.3484,59.9851,52.39,90,100,5.53,overcast clouds,2021-07-24 17:04:49
408,Lethem,3.3803,-59.7968,91.22,48,80,4.07,broken clouds,2021-07-24 17:03:56
409,Tocopilla,-22.092,-70.1979,65.79,68,66,7.87,broken clouds,2021-07-24 17:04:49
410,Dwarka,22.2394,68.9678,83.1,83,81,16.42,broken clouds,2021-07-24 17:04:49
411,Sumbe,-11.2061,13.8437,71.46,82,16,6.4,few clouds,2021-07-24 17:04:50
412,Rio Cuarto,-33.1307,-64.3499,59.83,48,0,5.32,clear sky,2021-07-24 17:00:20
413,Carros,43.7894,7.184,82.31,75,0,16.11,clear sky,2021-07-24 17:04:51
414,Ferreira Do Alentejo,38.05,-8.0333,85.78,24,6,16.62,clear sky,2021-07-24 17:01:52
415,Najran,17.4924,44.1277,89.46,29,63,13.98,broken clouds,2021-07-24 17:04:51
416,Remiremont,48.0175,6.5882,72.66,97,92,5.19,overcast clouds,2021-07-24 17:04:51
417,Cambrils,41.0748,1.0524,85.64,73,40,7.0,scattered clouds,2021-07-24 17:04:52
418,Puerto Madryn,-42.7692,-65.0385,49.89,44,100,17.16,overcast clouds,2021-07-24 17:04:52
419,Kotma,23.2,81.9667,76.05,89,100,5.86,overcast clouds,2021-07-24 17:04:53
420,Vesoul,47.5833,5.8333,72.5,90,89,4.54,overcast clouds,2021-07-24 17:04:53
421,Korhogo,9.45,-5.6333,81.52,66,92,7.2,light rain,2021-07-24 17:04:54
422,Esmeraldas,-19.7625,-44.3139,74.26,28,0,7.0,clear sky,2021-07-24 17:04:54
423,Mwinilunga,-11.7358,24.4293,68.43,37,18,6.38,few clouds,2021-07-24 17:04:54
424,Astana,51.1801,71.446,73.35,46,0,8.95,clear sky,2021-07-24 17:00:46
425,Tabou,4.423,-7.3528,78.13,68,97,7.52,overcast clouds,2021-07-24 17:04:55
426,Ambikapur,23.1167,83.2,75.51,92,100,6.82,overcast clouds,2021-07-24 17:04:55
427,Hurghada,27.2574,33.8129,87.39,38,0,18.45,clear sky,2021-07-24 17:04:56
428,San Carlos De Bariloche,-41.1456,-71.3082,41.18,72,90,3.33,overcast clouds,2021-07-24 17:04:56
429,Podosinovets,60.2776,47.0659,50.23,65,97,4.52,overcast clouds,2021-07-24 17:04:56
430,Lalibela,12.0333,39.0333,60.01,85,100,2.17,moderate rain,2021-07-24 17:04:57
431,Geraldton,-28.7667,114.6,54.01,94,90,8.05,overcast clouds,2021-07-24 17:04:57
432,Panjab,34.388,67.0233,64.42,37,72,7.81,broken clouds,2021-07-24 17:04:57
433,Trinidad,-14.8333,-64.9,92.91,28,0,7.38,clear sky,2021-07-24 17:02:01
434,Rocha,-34.4833,-54.3333,65.46,73,77,9.04,broken clouds,2021-07-24 17:01:09
435,Jaunjelgava,56.6167,25.0833,69.51,51,24,7.34,few clouds,2021-07-24 17:04:58
436,Rayagada,19.1667,83.4167,78.6,82,80,3.8,broken clouds,2021-07-24 17:04:58
437,Ust-Kalmanka,52.1207,83.305,64.72,90,41,3.06,scattered clouds,2021-07-24 17:04:59
438,Uige,-7.6087,15.0613,78.12,21,0,3.85,clear sky,2021-07-24 17:04:16
439,Manoharpur,27.3,75.95,85.15,65,90,0.83,overcast clouds,2021-07-24 17:04:59
440,Yenagoa,4.9247,6.2642,79.97,65,70,7.83,broken clouds,2021-07-24 17:04:59
441,Vertientes,21.2594,-78.1464,90.21,58,43,5.73,scattered clouds,2021-07-24 17:05:00
442,Coueron,47.2151,-1.7217,67.21,88,75,9.22,broken clouds,2021-07-24 17:00:06
443,Sibut,5.718,19.0739,75.43,87,93,2.98,overcast clouds,2021-07-24 17:05:00
444,Andros Town,24.7,-77.7667,85.96,63,99,5.32,overcast clouds,2021-07-24 17:05:01
445,Mahibadhoo,3.7833,72.9667,82.72,75,97,3.87,overcast clouds,2021-07-24 17:05:01
446,Boende,-0.2167,20.8667,84.27,43,100,2.95,overcast clouds,2021-07-24 17:05:02
447,Khash,28.2211,61.2158,90.48,18,60,9.48,broken clouds,2021-07-24 17:05:02
448,Kargil,34.5667,76.1,69.67,44,41,6.78,scattered clouds,2021-07-24 17:05:03
449,Lysa Hora,48.1706,31.1099,71.56,58,83,9.26,broken clouds,2021-07-24 17:05:04
450,Puerto Colombia,10.9878,-74.9547,84.13,75,100,3.02,overcast clouds,2021-07-24 17:02:08
451,Hofn,64.2539,-15.2082,53.65,99,100,17.38,overcast clouds,2021-07-24 17:05:04
452,General Delgado,-27.1667,-56.5167,85.08,30,1,12.06,clear sky,2021-07-24 17:01:08
453,Zvenigovo,55.9742,48.0181,61.75,61,58,5.68,broken clouds,2021-07-24 17:05:05
454,Kaniama,-7.5667,24.1833,78.66,29,6,4.65,clear sky,2021-07-24 17:05:05
455,Visby,57.6409,18.296,72.05,56,7,5.75,clear sky,2021-07-24 17:05:06
456,Jumla,29.2747,82.1838,65.61,95,100,2.91,overcast clouds,2021-07-24 17:01:19
457,Businga,3.3333,20.8833,73.0,90,93,1.54,light rain,2021-07-24 17:05:06
458,Salym,60.0625,71.4789,56.64,97,100,3.24,overcast clouds,2021-07-24 17:05:07
459,Diffa,13.3154,12.6113,90.48,42,51,10.69,broken clouds,2021-07-24 17:05:07
460,Labrea,-7.2586,-64.7981,97.7,31,26,3.0,scattered clouds,2021-07-24 17:05:07
461,Port Perry,44.1068,-78.9444,74.32,54,81,14.85,broken clouds,2021-07-24 17:03:22
462,Ericeira,38.9627,-9.4156,78.48,76,1,15.14,clear sky,2021-07-24 17:05:08
463,Ginir,7.1333,40.7,56.71,76,89,15.17,overcast clouds,2021-07-24 17:02:16
464,Porto Novo,6.4965,2.6036,79.57,67,67,11.25,broken clouds,2021-07-24 17:05:08
465,Galle,6.0367,80.217,78.85,87,73,8.34,broken clouds,2021-07-24 17:03:55
466,Warrington,53.3925,-2.5802,76.26,58,20,1.99,few clouds,2021-07-24 17:03:45
467,Madaoua,14.073,5.96,87.73,50,83,10.85,broken clouds,2021-07-24 17:05:09
468,Progreso,21.2833,-89.6667,93.11,66,98,10.67,overcast clouds,2021-07-24 17:04:42
469,Mabaruma,8.2,-59.7833,83.77,68,100,4.29,overcast clouds,2021-07-24 17:05:10
470,Alghero,40.5589,8.3181,89.69,45,0,20.71,clear sky,2021-07-24 17:03:07
471,Aksarka,66.5606,67.7975,58.62,65,76,9.98,broken clouds,2021-07-24 17:05:10
472,Benicarlo,40.4165,0.4271,102.18,63,14,3.85,few clouds,2021-07-24 17:05:11
473,Bobo Dioulasso,11.1771,-4.2979,80.82,66,99,4.32,light rain,2021-07-24 17:05:11
474,Coruripe,-10.1256,-36.1756,78.21,69,43,13.53,scattered clouds,2021-07-24 17:05:12
475,Tabory,58.5198,64.5495,64.94,68,100,3.29,overcast clouds,2021-07-24 17:05:12
476,Moroni,-11.7022,43.2551,74.03,77,77,22.53,light rain,2021-07-24 17:05:12
477,The Valley,18.217,-63.0578,85.86,81,55,22.39,broken clouds,2021-07-24 17:05:13
478,Quatre Cocos,-20.2078,57.7625,67.08,77,52,8.88,broken clouds,2021-07-24 17:05:13
479,Zholymbet,51.7433,71.7122,77.92,34,100,7.16,overcast clouds,2021-07-24 17:05:13
480,Mubende,0.5606,31.39,70.79,48,71,4.36,broken clouds,2021-07-24 17:05:14
481,Bud,39.447,-86.1758,86.18,72,9,7.2,clear sky,2021-07-24 17:00:20
482,Vokhtoga,58.8147,41.0461,57.56,55,82,4.05,broken clouds,2021-07-24 17:05:14
483,Botelhos,-21.6333,-46.395,75.02,25,0,6.62,clear sky,2021-07-24 17:05:13
484,Miguel Alves,-4.1656,-42.8953,94.64,28,41,5.17,scattered clouds,2021-07-24 17:05:15
485,Krasnogvardeyskiy,57.3793,62.3195,60.01,76,86,3.56,overcast clouds,2021-07-24 17:05:15
486,Mayumba,-3.432,10.6554,72.37,80,44,8.75,scattered clouds,2021-07-24 17:05:16
487,Menongue,-14.6585,17.691,64.83,20,0,5.28,clear sky,2021-07-24 17:05:16
488,Jaru,-10.4389,-62.4664,97.43,24,28,5.48,scattered clouds,2021-07-24 17:02:47
489,Altay,47.8667,88.1167,68.14,47,0,6.71,clear sky,2021-07-24 17:05:17
490,Mbini,1.574,9.6134,77.77,79,54,10.29,light rain,2021-07-24 17:05:17
491,Bayir,37.2687,28.2167,81.12,37,59,4.27,broken clouds,2021-07-24 17:05:17
492,Umm Kaddadah,13.6017,26.6876,92.08,29,95,10.63,overcast clouds,2021-07-24 17:05:18
493,Aksu,41.1231,80.2644,87.13,30,0,5.66,clear sky,2021-07-24 17:05:18
494,Pandamatenga,-18.5278,25.627,60.6,52,1,5.01,clear sky,2021-07-24 17:05:19
495,Koygorodok,60.445,50.9968,51.12,57,56,6.11,broken clouds,2021-07-24 17:05:19
496,Kunya,12.2233,8.5325,81.5,63,82,8.9,broken clouds,2021-07-24 17:05:19
497,Vuktyl,63.8567,57.3094,47.21,88,82,3.09,broken clouds,2021-07-24 17:05:20
498,Buraydah,26.326,43.975,99.73,12,2,3.83,clear sky,2021-07-24 17:05:20
499,Atar,20.5169,-13.0499,106.12,14,75,8.52,broken clouds,2021-07-24 17:04:12
500,Santa Luzia,-19.7697,-43.8514,74.3,28,0,7.38,clear sky,2021-07-24 17:05:21
501,Mattawa,46.7379,-119.9028,83.35,25,0,2.28,clear sky,2021-07-24 17:05:21
502,Lieksa,63.3167,30.0167,61.36,59,100,1.48,overcast clouds,2021-07-24 17:05:21
503,Aleksandrov Gay,50.147,48.5704,76.8,36,16,13.51,few clouds,2021-07-24 17:05:22
504,Kabinda,-6.1333,24.4833,78.48,29,10,5.08,clear sky,2021-07-24 17:05:22
505,Laives,46.4228,11.3348,84.18,61,40,2.3,scattered clouds,2021-07-24 17:05:22
506,Krosno,49.6887,21.7706,77.05,69,83,4.88,broken clouds,2021-07-24 17:05:23
507,Burjuc,45.9522,22.4867,75.4,52,56,2.98,broken clouds,2021-07-24 17:05:23
508,San Ramon,37.7799,-121.978,80.82,52,1,4.0,clear sky,2021-07-24 17:05:24
509,Le Vauclin,14.5452,-60.8388,86.05,70,75,9.22,broken clouds,2021-07-24 17:05:24
510,Puerto Baquerizo Moreno,-0.9,-89.6,73.08,74,58,12.39,broken clouds,2021-07-24 17:05:24
511,San Carlos Del Zulia,9.0,-71.9135,91.8,50,100,5.14,overcast clouds,2021-07-24 17:05:25
512,Caucaia,-3.7361,-38.6531,87.75,65,0,10.36,clear sky,2021-07-24 17:05:25
513,Varginha,-21.5514,-45.4303,76.62,23,0,6.15,clear sky,2021-07-24 17:05:09
514,Mbandaka,0.0487,18.2603,80.58,48,100,1.83,overcast clouds,2021-07-24 17:05:26
515,Wamba,8.9333,8.6,74.1,92,97,3.36,light rain,2021-07-24 17:05:26
516,Ormstown,45.1334,-73.9992,83.01,46,75,1.95,broken clouds,2021-07-24 17:05:26
517,Bowmore,34.9421,-79.3031,89.69,59,40,1.99,scattered clouds,2021-07-24 17:05:26
518,Goderich,43.7501,-81.7165,70.92,90,97,16.73,light rain,2021-07-24 17:00:57
519,Riachao Das Neves,-11.7461,-44.91,86.85,27,85,9.6,overcast clouds,2021-07-24 17:05:27
520,Oum Hadjer,13.2954,19.6966,93.9,34,87,5.35,overcast clouds,2021-07-24 17:05:27
521,Bara,10.3744,10.7288,79.92,76,56,5.5,moderate rain,2021-07-24 17:01:23
522,De Aar,-30.6497,24.0123,43.25,19,1,6.98,clear sky,2021-07-24 17:05:28
523,San Jose,37.3394,-121.895,81.54,58,20,0.0,few clouds,2021-07-24 17:04:37
524,Mazagao,-0.115,-51.2894,91.45,48,51,5.08,broken clouds,2021-07-24 17:05:28
525,Derzhavinsk,51.1,66.3167,78.39,47,82,15.39,broken clouds,2021-07-24 17:05:29
526,Farah,32.5,62.5,94.98,9,6,1.12,clear sky,2021-07-24 17:05:29
527,Ponta Delgada,37.7333,-25.6667,74.12,83,20,17.27,few clouds,2021-07-24 17:04:40
528,Belyy Yar,53.6039,91.3903,71.49,83,0,2.24,clear sky,2021-07-24 17:05:29
529,Chillicothe,39.3331,-82.9824,85.91,47,1,3.44,clear sky,2021-07-24 17:05:30
530,Saryozek,44.3583,77.9753,76.78,24,0,2.59,clear sky,2021-07-24 17:05:30
531,Alta,69.9689,23.2717,52.84,75,100,14.0,overcast clouds,2021-07-24 17:05:31
532,Petropavlovka,50.6114,105.3196,59.2,78,19,4.03,few clouds,2021-07-24 17:05:31
533,Keti Bandar,24.1447,67.4497,83.3,82,97,16.2,overcast clouds,2021-07-24 17:05:31
534,Sakaraha,-22.9,44.5333,59.49,49,5,11.34,clear sky,2021-07-24 17:05:31
535,Meulaboh,4.1363,96.1285,77.97,87,98,3.56,overcast clouds,2021-07-24 17:03:48
536,Mariental,-24.6333,17.9667,58.19,11,0,10.96,clear sky,2021-07-24 17:05:32
537,Fajardo,18.3258,-65.6524,86.79,100,90,10.36,overcast clouds,2021-07-24 17:05:32
538,Luanda,-8.8368,13.2343,73.4,78,20,9.22,few clouds,2021-07-24 17:05:33
539,Kirkuk,35.4681,44.3922,100.63,13,0,8.68,clear sky,2021-07-24 17:05:33
540,Gazli,40.1333,63.45,98.46,9,0,9.42,clear sky,2021-07-24 17:05:33
541,Sorland,67.667,12.6934,52.32,97,100,14.2,overcast clouds,2021-07-24 17:05:34
542,Bouna,9.2667,-3.0,81.12,64,97,3.87,light rain,2021-07-24 17:05:34
543,Shache,38.4167,77.2406,86.58,24,1,6.02,clear sky,2021-07-24 17:05:34
544,Jutai,-5.1833,-68.9,91.11,41,96,2.86,overcast clouds,2021-07-24 17:05:35
545,Turukhansk,65.8167,87.9833,68.49,66,16,10.16,few clouds,2021-07-24 17:05:35
546,Gidam,18.9833,81.4,76.23,89,100,3.58,overcast clouds,2021-07-24 17:05:35
547,Honningsvag,70.9821,25.9704,45.32,82,100,27.72,overcast clouds,2021-07-24 17:03:09
548,Pemba,-12.974,40.5178,73.36,61,8,24.7,clear sky,2021-07-24 17:05:36
549,Duki,30.1541,68.5728,92.86,29,14,7.58,few clouds,2021-07-24 17:05:36
550,Venezuela,8.0,-66.0,80.85,75,100,5.01,overcast clouds,2021-07-24 17:05:36
551,Sao Jose Da Coroa Grande,-8.8978,-35.1478,78.93,63,16,12.55,few clouds,2021-07-24 17:05:37
552,Thinadhoo,0.5333,72.9333,83.07,72,40,7.0,scattered clouds,2021-07-24 17:05:37
553,Lovozero,68.005,35.0117,49.5,88,100,21.47,overcast clouds,2021-07-24 17:05:37
554,Isabela,6.7085,121.9711,79.02,89,86,3.89,overcast clouds,2021-07-24 17:05:38
555,Aksakovo,43.25,27.8167,79.54,68,0,9.22,clear sky,2021-07-24 17:05:38
556,Moen,69.1304,18.6123,56.12,82,90,4.61,overcast clouds,2021-07-24 17:05:38
557,Nurota,40.5614,65.6886,95.09,13,0,11.9,clear sky,2021-07-24 17:05:39
558,Amalapuram,16.5833,82.0167,82.17,80,44,4.7,scattered clouds,2021-07-24 17:05:39
559,Awbari,26.5921,12.7805,94.44,13,0,11.7,clear sky,2021-07-24 17:05:39
560,Maniitsoq,65.4167,-52.9,40.35,77,43,7.87,scattered clouds,2021-07-24 17:05:40
561,Sinnamary,5.3833,-52.95,83.64,72,71,12.55,light rain,2021-07-24 17:01:13
562,Mangan,27.5167,88.5333,78.66,89,93,1.74,overcast clouds,2021-07-24 17:05:40
563,Mgandu,-5.95,34.1333,67.64,34,40,7.34,scattered clouds,2021-07-24 17:05:41
564,Pavino,59.1139,46.1414,51.01,63,91,3.71,overcast clouds,2021-07-24 17:05:41
565,Aswan,24.0934,32.907,97.68,16,0,13.85,clear sky,2021-07-24 17:03:01
566,Boa Vista,2.8197,-60.6733,87.78,62,75,6.91,broken clouds,2021-07-24 17:05:41
567,Sisimiut,66.9395,-53.6735,38.59,93,97,6.24,overcast clouds,2021-07-24 17:05:42
568,Ariquemes,-9.9133,-63.0408,97.83,24,46,4.14,scattered clouds,2021-07-24 17:05:42
569,Medvezhyegorsk,62.9167,34.4667,61.07,47,100,6.06,overcast clouds,2021-07-24 17:05:43
570,Hobe Sound,27.0595,-80.1364,91.98,73,75,6.91,broken clouds,2021-07-24 17:05:43
571,Presidencia Roque Saenz Pena,-26.7852,-60.4388,91.65,23,34,13.82,scattered clouds,2021-07-24 17:05:43
572,Dinard,48.6314,-2.0614,66.63,78,94,12.08,overcast clouds,2021-07-24 17:05:43
573,Narsaq,60.9167,-46.05,46.62,96,100,6.02,overcast clouds,2021-07-24 17:03:10
574,Smiltene,57.4244,25.9016,70.56,51,29,6.73,scattered clouds,2021-07-24 17:05:44
575,Locri,38.2414,16.2623,85.75,57,0,4.63,clear sky,2021-07-24 17:05:44
576,Sharan,54.8167,54.0,62.1,71,88,9.15,overcast clouds,2021-07-24 17:05:45
577,Zambezi,-13.5432,23.1047,69.8,32,23,6.33,few clouds,2021-07-24 17:02:13
578,Fomboni,-12.28,43.7425,75.56,74,97,28.25,light rain,2021-07-24 17:05:45
579,Okahandja,-21.9833,16.9167,60.26,8,0,8.88,clear sky,2021-07-24 17:05:45
580,Yarim,14.298,44.3779,61.12,64,100,6.11,overcast clouds,2021-07-24 17:05:46
581,Kharp,66.8014,65.8081,58.44,70,66,6.69,broken clouds,2021-07-24 17:05:46
582,Ugoofaaru,5.6667,73.0,82.85,71,100,4.72,overcast clouds,2021-07-24 17:05:46
583,Sept-Iles,50.2001,-66.3821,69.06,77,40,5.01,scattered clouds,2021-07-24 17:04:59
584,Les Cayes,18.2,-73.75,87.55,61,100,8.95,overcast clouds,2021-07-24 17:05:47
585,Gornopravdinsk,60.05,69.9,54.73,97,100,1.59,overcast clouds,2021-07-24 17:05:47
586,Santa Maria,-29.6842,-53.8069,80.24,41,0,6.98,clear sky,2021-07-24 17:05:48
587,Leshukonskoye,64.8989,45.7622,45.63,95,100,6.93,overcast clouds,2021-07-24 17:05:48
588,Kuminskiy,58.6667,66.5667,58.73,88,92,4.0,overcast clouds,2021-07-24 17:05:48
589,Villarrica,-25.75,-56.4333,88.97,22,0,10.09,clear sky,2021-07-24 17:05:49
590,Salinopolis,-0.6136,-47.3561,84.42,65,95,11.88,overcast clouds,2021-07-24 17:05:49
591,Bingol,38.8847,40.4939,77.49,25,1,1.5,clear sky,2021-07-24 17:05:49
592,Ayagoz,47.9714,80.4392,73.0,37,0,7.11,clear sky,2021-07-24 17:05:50
593,Rawson,-43.3002,-65.1023,50.83,36,99,20.33,overcast clouds,2021-07-24 17:05:50
594,Savelugu,9.6244,-0.8253,85.73,54,99,3.2,overcast clouds,2021-07-24 17:05:50
595,Dakoro,14.5106,6.765,89.11,46,57,14.85,broken clouds,2021-07-24 17:05:51
596,Damaturu,11.747,11.9608,83.7,59,90,7.14,overcast clouds,2021-07-24 17:05:51
597,Camocim,-2.9022,-40.8411,90.07,45,45,12.66,scattered clouds,2021-07-24 17:05:51
598,Yambio,4.5721,28.3955,71.15,89,85,3.87,overcast clouds,2021-07-24 17:05:52
599,Sarti,40.1,23.9833,80.96,51,27,5.39,scattered clouds,2021-07-24 17:05:52
600,Crossville,35.949,-85.0269,85.1,60,20,1.99,few clouds,2021-07-24 17:05:52
601,Acoyapa,11.9703,-85.1711,85.01,68,100,15.48,light rain,2021-07-24 17:05:53
602,Farso,56.7728,9.3393,77.2,48,6,9.91,clear sky,2021-07-24 17:05:53
603,Quebo,11.3333,-14.9333,81.21,79,94,9.04,light rain,2021-07-24 17:05:53
604,Kharan,28.5833,65.4167,101.28,15,67,5.97,broken clouds,2021-07-24 17:05:54
605,Arona,28.0996,-16.681,77.02,61,20,7.0,few clouds,2021-07-24 17:05:54
606,Mizdah,31.4451,12.9801,92.41,15,0,13.6,clear sky,2021-07-24 17:05:54
607,Arrifes,37.7667,-25.7,71.85,83,20,17.27,few clouds,2021-07-24 17:05:55
608,Kyzyl-Suu,42.3414,78.0056,68.09,32,0,6.58,clear sky,2021-07-24 17:05:55
609,Semnan,35.5729,53.3971,92.89,24,5,9.33,clear sky,2021-07-24 17:05:55
610,Yabrud,33.9674,36.6574,74.86,53,60,2.59,broken clouds,2021-07-24 17:05:56
611,Cozumel,20.5083,-86.9458,89.67,75,40,4.0,scattered clouds,2021-07-24 17:05:56
612,Cacoal,-11.4386,-61.4472,97.36,22,23,5.61,few clouds,2021-07-24 17:05:57
613,Ayolas,-27.4,-56.9,85.1,32,1,12.26,clear sky,2021-07-24 17:05:57
614,Kochevo,59.5994,54.3125,51.01,69,69,3.33,broken clouds,2021-07-24 17:05:57
615,Arroio Grande,-32.2375,-53.0869,73.62,52,9,2.19,clear sky,2021-07-24 17:02:35
616,Ponnani,10.767,75.9252,74.52,89,65,5.86,broken clouds,2021-07-24 17:05:58
617,Cassilandia,-19.1133,-51.7342,88.07,21,0,7.74,clear sky,2021-07-24 17:05:58
618,Amapa,1.0,-52.0,89.26,46,37,5.93,scattered clouds,2021-07-24 17:05:59
619,Faya,18.3851,42.4509,70.32,62,84,1.52,broken clouds,2021-07-24 17:05:59
620,Alakurtti,66.9672,30.3491,59.63,65,93,9.04,overcast clouds,2021-07-24 17:05:59
621,Akhtanizovskaya,45.32,37.1,77.49,56,0,17.81,clear sky,2021-07-24 17:06:00
622,Khartoum,15.5518,32.5324,97.52,31,95,11.65,overcast clouds,2021-07-24 17:01:43
623,Kegums,56.7451,24.7244,69.35,50,26,5.66,scattered clouds,2021-07-24 17:06:00
624,Mandera,3.9366,41.867,83.43,40,100,23.51,overcast clouds,2021-07-24 17:06:00
625,Grand-Bourg,15.8835,-61.3148,78.75,83,75,18.07,broken clouds,2021-07-24 17:06:01
626,Shelburne,44.0787,-80.2041,69.13,69,94,16.8,moderate rain,2021-07-24 17:01:59
627,Pen,18.75,73.0833,84.24,87,100,8.05,overcast clouds,2021-07-24 17:06:01
628,Upata,8.0086,-62.3989,82.02,77,64,5.86,broken clouds,2021-07-24 17:06:02
629,Korla,41.7597,86.1469,91.83,20,0,4.09,clear sky,2021-07-24 17:04:34
630,Koungou,-12.7336,45.2042,76.71,61,0,16.11,clear sky,2021-07-24 17:06:02
631,Puerto Del Rosario,28.5004,-13.8627,76.75,73,20,19.57,few clouds,2021-07-24 17:06:03
632,Bandar-E Lengeh,26.5579,54.8807,97.36,42,28,8.14,scattered clouds,2021-07-24 17:06:03
633,Mbanza-Ngungu,-5.25,14.8667,81.54,31,1,5.61,clear sky,2021-07-24 17:06:04
634,Novoagansk,61.9449,76.6625,64.8,98,100,5.75,light rain,2021-07-24 17:06:04
635,Pichayevo,53.2363,42.2032,62.11,64,38,5.84,scattered clouds,2021-07-24 17:06:04
636,Cascais,38.6979,-9.4215,76.62,55,20,11.01,few clouds,2021-07-24 17:01:51
637,Yining,29.0361,114.5636,73.17,96,3,2.62,clear sky,2021-07-24 17:06:05
638,Cervo,43.6702,-7.4101,67.96,72,25,16.89,scattered clouds,2021-07-24 17:06:05
639,Skvyra,49.7318,29.6657,68.77,63,90,3.02,overcast clouds,2021-07-24 17:06:06
640,Abnub,27.2696,31.1511,93.33,16,0,10.83,clear sky,2021-07-24 17:06:06
641,Terra Santa,-2.1042,-56.4869,93.61,36,95,6.91,overcast clouds,2021-07-24 17:06:06
642,Gorele,41.0308,39.0031,76.44,83,81,8.61,broken clouds,2021-07-24 17:06:07
643,Aasiaat,68.7098,-52.8699,38.39,91,78,10.92,broken clouds,2021-07-24 17:06:07
644,Antofagasta,-23.65,-70.4,64.22,65,68,8.79,broken clouds,2021-07-24 17:02:34
645,Vallenar,-28.5708,-70.7581,53.38,73,88,5.37,overcast clouds,2021-07-24 17:06:08
646,Colomi,-17.35,-65.8667,67.46,40,0,4.88,clear sky,2021-07-24 17:06:08
647,Longavi,-35.9667,-71.6833,52.68,74,91,10.65,overcast clouds,2021-07-24 17:06:08
648,Bhanpuri,21.1,80.9167,77.32,87,100,10.07,overcast clouds,2021-07-24 17:06:09
649,Ekibastuz,51.6667,75.3667,81.37,30,0,6.08,clear sky,2021-07-24 17:06:09
650,Atlantic City,39.3643,-74.4229,88.25,50,1,10.36,clear sky,2021-07-24 17:06:09
651,Taguatinga,-12.3857,-46.5711,90.12,21,50,7.94,scattered clouds,2021-07-24 17:06:10
652,Tambura,5.6,27.4667,71.96,87,65,3.11,light rain,2021-07-24 17:06:10
653,Qaqortoq,60.7167,-46.0333,46.9,96,100,8.1,light rain,2021-07-24 17:06:10
654,Narva-Joesuu,59.4589,28.0408,64.42,50,6,3.56,clear sky,2021-07-24 17:06:11
655,Atasu,48.6814,71.6433,83.25,24,54,0.98,broken clouds,2021-07-24 17:06:11
656,Baijiantan,45.6333,85.1833,93.15,17,0,13.69,clear sky,2021-07-24 17:06:11
657,Centralina,-18.5839,-49.1994,83.5,22,0,10.47,clear sky,2021-07-24 17:06:12
658,Pietarsaari,63.65,22.6833,66.0,57,37,3.0,scattered clouds,2021-07-24 17:06:12
659,Salinas,36.6777,-121.6555,72.03,77,90,0.0,overcast clouds,2021-07-24 17:02:16
660,Bubaque,11.2833,-15.8333,79.41,73,97,5.37,light rain,2021-07-24 17:06:12
661,Vestmanna,62.1564,-7.1664,49.12,100,75,8.05,mist,2021-07-24 17:06:13
662,Xai-Xai,-25.0519,33.6442,61.48,76,40,10.65,light rain,2021-07-24 17:06:13
663,Usinsk,65.9939,57.5281,49.6,82,100,7.18,overcast clouds,2021-07-24 17:06:13
664,Bulaevo,54.9056,70.4439,74.39,50,100,2.35,overcast clouds,2021-07-24 17:06:14
665,Shikarpur,27.9571,68.6379,94.89,40,89,12.46,overcast clouds,2021-07-24 17:06:14
666,Mankera,31.3866,71.4407,103.68,27,1,5.19,clear sky,2021-07-24 17:06:14
667,Tremembe,-22.9583,-45.5494,83.28,20,0,1.74,clear sky,2021-07-24 17:04:52
668,Manama,26.2154,50.5832,97.34,66,0,9.22,clear sky,2021-07-24 17:06:15
669,Lake City,30.1897,-82.6393,89.98,62,75,4.61,broken clouds,2021-07-24 17:06:15
670,Aripuana,-9.1667,-60.6333,97.84,23,45,3.04,scattered clouds,2021-07-24 17:06:16
671,Pedernales,18.0384,-71.744,86.31,63,99,9.64,overcast clouds,2021-07-24 17:06:16
672,Morlaix,48.5833,-4.0,64.72,88,90,11.5,overcast clouds,2021-07-24 17:06:17
673,Nieuw Amsterdam,5.8833,-55.0833,92.01,61,40,4.61,scattered clouds,2021-07-24 17:06:17
674,Dakar,14.6937,-17.4441,85.08,65,46,6.85,scattered clouds,2021-07-24 17:06:16
675,Detva,48.5608,19.4195,74.37,58,13,0.18,few clouds,2021-07-24 17:06:18
676,Mancio Lima,-7.6142,-72.8958,92.07,32,81,2.53,broken clouds,2021-07-24 17:06:18
677,Uruguaiana,-29.7547,-57.0883,80.01,45,30,13.91,scattered clouds,2021-07-24 17:04:00
678,Azul,-36.777,-59.8585,55.17,49,97,16.04,overcast clouds,2021-07-24 17:06:19
679,Talara,-4.5772,-81.2719,77.76,65,0,10.36,clear sky,2021-07-24 17:05:54
680,Verkhnyaya Inta,65.9811,60.3094,48.29,97,100,13.11,overcast clouds,2021-07-24 17:06:19
681,Puerto Ayora,-0.7393,-90.3518,74.55,83,34,8.99,scattered clouds,2021-07-24 17:06:13
682,Tombouctou,20.0,-3.0,108.27,14,5,7.85,clear sky,2021-07-24 17:06:20
683,Conceicao Do Coite,-11.5639,-39.2828,65.34,92,100,9.57,overcast clouds,2021-07-24 17:06:20
684,Karwar,14.8,74.1333,78.24,88,96,12.37,overcast clouds,2021-07-24 17:06:20
685,Nouakchott,18.0858,-15.9785,82.33,71,23,12.12,few clouds,2021-07-24 17:05:22
686,Nsanje,-16.92,35.262,65.97,65,88,6.98,overcast clouds,2021-07-24 17:06:21
687,Banepa,27.6298,85.5214,73.72,94,75,3.44,thunderstorm,2021-07-24 17:06:21
688,Bat Khela,34.6167,71.9714,90.16,41,7,4.41,clear sky,2021-07-24 17:06:22
